-- phpMyAdmin SQL Dump
-- version 5.2.1
-- https://www.phpmyadmin.net/
--
-- Host: 127.0.0.1
-- Generation Time: Aug 22, 2023 at 05:35 AM
-- Server version: 10.4.28-MariaDB
-- PHP Version: 8.0.28

SET SQL_MODE = "NO_AUTO_VALUE_ON_ZERO";
START TRANSACTION;
SET time_zone = "+00:00";


/*!40101 SET @OLD_CHARACTER_SET_CLIENT=@@CHARACTER_SET_CLIENT */;
/*!40101 SET @OLD_CHARACTER_SET_RESULTS=@@CHARACTER_SET_RESULTS */;
/*!40101 SET @OLD_COLLATION_CONNECTION=@@COLLATION_CONNECTION */;
/*!40101 SET NAMES utf8mb4 */;

--
-- Database: `phoneplus`
--

-- --------------------------------------------------------

--
-- Table structure for table `tbl_admin`
--

CREATE TABLE `tbl_admin` (
  `nguoi_dung_id` int(100) NOT NULL,
  `ten_nguoi_dung` varchar(200) NOT NULL,
  `password` varchar(100) NOT NULL
) ENGINE=InnoDB DEFAULT CHARSET=utf8 COLLATE=utf8_unicode_ci;

--
-- Dumping data for table `tbl_admin`
--

INSERT INTO `tbl_admin` (`nguoi_dung_id`, `ten_nguoi_dung`, `password`) VALUES
(1, 'admin', '123456'),
(2, 'nhanvien', 'nhanvien2');

-- --------------------------------------------------------

--
-- Table structure for table `tbl_danh_muc`
--

CREATE TABLE `tbl_danh_muc` (
  `danh_muc_id` int(100) NOT NULL,
  `ten_danh_muc` varchar(200) DEFAULT NULL
) ENGINE=InnoDB DEFAULT CHARSET=utf8 COLLATE=utf8_unicode_ci;

--
-- Dumping data for table `tbl_danh_muc`
--

INSERT INTO `tbl_danh_muc` (`danh_muc_id`, `ten_danh_muc`) VALUES
(8, 'Apple'),
(9, 'Samsung'),
(10, 'Vivo'),
(11, 'Oppo'),
(12, 'Xiaomi');

-- --------------------------------------------------------

--
-- Table structure for table `tbl_dat_hang`
--

CREATE TABLE `tbl_dat_hang` (
  `don_hang_id` int(100) NOT NULL,
  `ho_ten_khach` varchar(200) DEFAULT NULL,
  `so_dien_thoai` varchar(200) DEFAULT NULL,
  `dia_chi` varchar(300) DEFAULT NULL,
  `san_pham_id` int(100) DEFAULT NULL,
  `so_luong_theo_tung_sp` varchar(100) DEFAULT NULL
) ENGINE=InnoDB DEFAULT CHARSET=utf8 COLLATE=utf8_unicode_ci;

-- --------------------------------------------------------

--
-- Table structure for table `tbl_feedback`
--

CREATE TABLE `tbl_feedback` (
  `feedback_id` int(11) NOT NULL,
  `ho_ten_khach` varchar(200) DEFAULT NULL,
  `anh_khach` varchar(1000) DEFAULT NULL,
  `noi_dung` text DEFAULT NULL
) ENGINE=InnoDB DEFAULT CHARSET=utf8 COLLATE=utf8_unicode_ci;

--
-- Dumping data for table `tbl_feedback`
--

INSERT INTO `tbl_feedback` (`feedback_id`, `ho_ten_khach`, `anh_khach`, `noi_dung`) VALUES
(1, 'Lương Thị Thùy Dung', 'https://cafebiz.cafebizcdn.vn/zoom/600_315/162123310254002176/2023/8/2/avatar1690992247147-16909922474271475139585.png', 'Shop Phoneplus có một sự đa dạng rất lớn về các mẫu điện thoại từ các thương hiệu khác nhau. Tôi rất hài lòng vì có thể tìm thấy nhiều lựa chọn phù hợp với nhu cầu và sở thích của mình. Sản phẩm điện thoại tại shop Phoneplus đều được đảm bảo chất lượng. Tôi đã mua một chiếc điện thoại từ đó và cho đến nay nó vẫn hoạt động tốt mà không gặp phải bất kỳ vấn đề nào. Điều này chứng tỏ shop Phoneplus cung cấp những sản phẩm chất lượng và tin cậy.'),
(2, 'Lưu Quang Hà ', 'https://toplist.vn/images/800px/oppo-1064041.jpg', 'Tôi rất hài lòng với trải nghiệm mua hàng điện thoại tại shop Phoneplus. Sự đa dạng sản phẩm, chất lượng, dịch vụ khách hàng tận tâm, giá cả hợp lý và dịch vụ sau bán hàng tốt là những điểm mạnh của shop này. Tôi sẽ khuyên bạn nếu bạn đang tìm kiếm một nơi đáng tin cậy để mua điện thoại di động.\r\n'),
(3, 'Bùi Tú Phương ', 'https://image-us.24h.com.vn/upload/2-2023/images/2023-06-03/1685789967-821-bai-tet-4-iphone-chinh-hang-dang-mua-nhat-dau-nam-2023-1-1673513411-767-width1600height1000-1685789967-width1600height1000.jpg', 'Shop Phoneplus là một địa điểm mua hàng điện thoại tuyệt vời. Tôi đã có trải nghiệm tuyệt đối với cửa hàng này. Họ cung cấp một sự đa dạng sản phẩm rất lớn từ các thương hiệu uy tín. Chất lượng sản phẩm rất tốt và đội ngũ nhân viên thân thiện và nhiệt tình. Giá cả cạnh tranh và dịch vụ sau bán hàng tốt. Tôi rất hài lòng với trải nghiệm mua hàng tại shop Phoneplus và tôi sẽ khuyên bạn nên ghé thăm cửa hàng này nếu bạn đang tìm kiếm một chiếc điện thoại mới.'),
(4, 'Nguyễn Trung Kiên ', 'https://cafefcdn.com/thumb_w/640/203337114487263232/2023/5/14/avatar1684027374624-1684027375208495162627-0-83-628-1088-crop-16840274151351664674566.jpg', 'Phoneplus là một điểm đến tuyệt vời để mua điện thoại. Tôi đã có trải nghiệm tuyệt hảo với cửa hàng này. Họ không chỉ có một sự lựa chọn đa dạng về các sản phẩm từ các thương hiệu hàng đầu, mà còn cung cấp chất lượng sản phẩm xuất sắc. Đội ngũ nhân viên thân thiện và am hiểu về sản phẩm, luôn sẵn lòng tư vấn và giúp đỡ. Giá cả cạnh tranh và dịch vụ sau bán hàng chất lượng, họ luôn đảm bảo rằng khách hàng hài lòng và được hỗ trợ sau khi mua hàng. Tôi rất ấn tượng với shop Phoneplus và sẽ tiếp tục ủng hộ họ trong tương lai. Nếu bạn đang muốn mua điện thoại, tôi chắc chắn khuyên bạn nên ghé qua shop Phoneplus.');

-- --------------------------------------------------------

--
-- Table structure for table `tbl_khachhang`
--

CREATE TABLE `tbl_khachhang` (
  `makhach` int(11) NOT NULL,
  `tenkhach` varchar(50) NOT NULL,
  `sdt` varchar(10) NOT NULL,
  `email` varchar(30) NOT NULL,
  `matkhau` varchar(50) NOT NULL
) ENGINE=InnoDB DEFAULT CHARSET=utf8mb4 COLLATE=utf8mb4_general_ci;

--
-- Dumping data for table `tbl_khachhang`
--

INSERT INTO `tbl_khachhang` (`makhach`, `tenkhach`, `sdt`, `email`, `matkhau`) VALUES
(0, 'linh', '', '', '12345'),
(1, 'phuong', '', '', '12345'),
(2, 'hoa', '', '', '12345'),
(3, 'ha', '0235890764', 'thuydunglng.211@gmail.com', '123'),
(4, 'dung', '0345987089', 'thuydunglng.211@gmail.com', '123123'),
(5, 'lan', '0011223344', 'thuydung@gmail.com', 'dung'),
(6, 'trang', '123', 'dung@gmail.com', '111222'),
(7, 'nam', '0123456789', 'thuydunglng.211@gmail.com', '123');

-- --------------------------------------------------------

--
-- Table structure for table `tbl_kieu_san_pham`
--

CREATE TABLE `tbl_kieu_san_pham` (
  `kieu_san_pham_id` int(100) NOT NULL,
  `kieu_san_pham` varchar(250) DEFAULT NULL
) ENGINE=InnoDB DEFAULT CHARSET=utf8 COLLATE=utf8_unicode_ci;

--
-- Dumping data for table `tbl_kieu_san_pham`
--

INSERT INTO `tbl_kieu_san_pham` (`kieu_san_pham_id`, `kieu_san_pham`) VALUES
(1, 'Bán chạy'),
(2, 'New'),
(3, 'Deal hot'),
(4, 'Normal');

-- --------------------------------------------------------

--
-- Table structure for table `tbl_lien_he`
--

CREATE TABLE `tbl_lien_he` (
  `lien_he_id` int(100) NOT NULL,
  `ten_lien_he` varchar(100) DEFAULT NULL,
  `so_dien_thoai` varchar(11) NOT NULL,
  `email` varchar(100) DEFAULT NULL,
  `tieu_de` text DEFAULT NULL,
  `noi_dung` text DEFAULT NULL
) ENGINE=InnoDB DEFAULT CHARSET=utf8 COLLATE=utf8_unicode_ci;

--
-- Dumping data for table `tbl_lien_he`
--

INSERT INTO `tbl_lien_he` (`lien_he_id`, `ten_lien_he`, `so_dien_thoai`, `email`, `tieu_de`, `noi_dung`) VALUES
(3, 'Dung', '0344008799', 'thuydung@gmail.com', 'dsd', 'dssd'),
(4, 'Dung', '0344008799', 'thuydunglng.211@gmail.com', 'dshgdghsj', 'sahdkaj');

-- --------------------------------------------------------

--
-- Table structure for table `tbl_order`
--

CREATE TABLE `tbl_order` (
  `sohoadon` int(11) NOT NULL,
  `ngaychonhang` date NOT NULL DEFAULT current_timestamp(),
  `makhach` int(11) NOT NULL,
  `chedo` int(11) NOT NULL,
  `ngaydathang` datetime NOT NULL DEFAULT current_timestamp(),
  `ngaythanhtoan` datetime NOT NULL,
  `ten` varchar(100) NOT NULL,
  `sdt` int(15) NOT NULL,
  `diachi` varchar(100) NOT NULL,
  `ghichu` varchar(200) NOT NULL
) ENGINE=InnoDB DEFAULT CHARSET=utf8mb4 COLLATE=utf8mb4_general_ci;

--
-- Dumping data for table `tbl_order`
--

INSERT INTO `tbl_order` (`sohoadon`, `ngaychonhang`, `makhach`, `chedo`, `ngaydathang`, `ngaythanhtoan`, `ten`, `sdt`, `diachi`, `ghichu`) VALUES
(32, '2023-08-18', 1, 1, '2023-08-18 00:00:00', '0000-00-00 00:00:00', '', 0, '', ''),
(33, '2023-08-18', 1, 1, '2023-08-18 00:00:00', '0000-00-00 00:00:00', '', 0, '', ''),
(34, '2023-08-18', 1, 1, '2023-08-18 00:00:00', '0000-00-00 00:00:00', '', 0, '', ''),
(35, '2023-08-21', 0, 1, '2023-08-21 00:00:00', '0000-00-00 00:00:00', 'Dung211', 2147483647, 'HN', ''),
(36, '2023-08-21', 3, 1, '2023-08-21 00:00:00', '0000-00-00 00:00:00', 'Dung211', 2147483647, 'HN', '1'),
(37, '2023-08-21', 3, 1, '2023-08-21 00:00:00', '0000-00-00 00:00:00', 'Dung211', 2147483647, 'HN', ''),
(38, '2023-08-21', 3, 1, '2023-08-21 00:00:00', '0000-00-00 00:00:00', 'Dung211', 2147483647, 'HN', ''),
(39, '2023-08-21', 3, 1, '2023-08-21 00:00:00', '0000-00-00 00:00:00', 'Dung211', 2147483647, 'HN', ''),
(40, '2023-08-21', 3, 1, '2023-08-21 00:00:00', '0000-00-00 00:00:00', 'Dung211', 2147483647, 'HN', ''),
(41, '2023-08-21', 3, 1, '2023-08-21 00:00:00', '0000-00-00 00:00:00', 'Dung211', 2147483647, 'HN', ''),
(42, '2023-08-21', 3, 1, '2023-08-21 00:00:00', '0000-00-00 00:00:00', 'Dung211', 2147483647, 'HN', ''),
(43, '2023-08-21', 5, 1, '2023-08-21 00:00:00', '0000-00-00 00:00:00', 'Dung211', 2147483647, 'HN', ''),
(44, '2023-08-21', 5, 1, '2023-08-21 00:00:00', '0000-00-00 00:00:00', 'Dung211', 2147483647, 'HN', ''),
(45, '2023-08-21', 5, 1, '2023-08-21 00:00:00', '0000-00-00 00:00:00', 'Dung211', 2147483647, 'HN', ''),
(46, '2023-08-21', 5, 1, '2023-08-21 00:00:00', '0000-00-00 00:00:00', 'Dung211', 2147483647, 'HN', ''),
(47, '2023-08-21', 5, 1, '2023-08-21 00:00:00', '0000-00-00 00:00:00', 'Dung211', 2147483647, 'HN', ''),
(48, '2023-08-21', 5, 0, '2023-08-21 00:00:00', '0000-00-00 00:00:00', '', 0, '', ''),
(49, '2023-08-21', 6, 1, '2023-08-21 00:00:00', '0000-00-00 00:00:00', 'Trang', 234567899, 'HN', 'd'),
(50, '2023-08-21', 6, 1, '2023-08-21 00:00:00', '0000-00-00 00:00:00', 'Dung211', 2147483647, 'HN', ''),
(51, '2023-08-21', 7, 1, '2023-08-21 00:00:00', '0000-00-00 00:00:00', 'Dung211', 2147483647, 'HNgfhfhghf', ''),
(52, '2023-08-21', 7, 1, '2023-08-21 00:00:00', '0000-00-00 00:00:00', 'Nam ', 1234000011, 'index ', ''),
(53, '2023-08-21', 7, 1, '2023-08-21 20:48:53', '0000-00-00 00:00:00', 'Dung211', 1809090908, 'HN', 'fdfd'),
(54, '2023-08-21', 7, 1, '2023-08-21 20:50:11', '0000-00-00 00:00:00', 'Dung211', 2147483647, 'HN', ''),
(55, '2023-08-21', 7, 1, '2023-08-21 20:52:46', '0000-00-00 00:00:00', 'Lương Thị Thùy Dung ', 123567899, 'Đống Đa, Hà Nội ', 'Đang cần gấp, shop giao hàng sớm giúp mình ạ'),
(56, '2023-08-21', 7, 1, '2023-08-21 21:04:42', '0000-00-00 00:00:00', 'Dung211', 2147483647, 'HN', ''),
(57, '2023-08-21', 7, 0, '2023-08-21 22:40:03', '0000-00-00 00:00:00', '', 0, '', ''),
(58, '2023-08-21', 3, 1, '2023-08-21 23:13:04', '0000-00-00 00:00:00', 'Dung211', 2147483647, 'HN', 'han'),
(59, '2023-08-21', 3, 1, '2023-08-21 23:19:12', '0000-00-00 00:00:00', 'Hà', 2147483647, 'HN', ''),
(60, '2023-08-22', 3, 1, '2023-08-22 00:08:21', '0000-00-00 00:00:00', 'Dung211', 2147483647, 'HN', ''),
(61, '2023-08-22', 3, 1, '2023-08-22 02:45:59', '0000-00-00 00:00:00', 'Hà', 2147483647, 'HN', ''),
(62, '2023-08-22', 3, 1, '2023-08-22 04:03:29', '0000-00-00 00:00:00', 'Lương Thị Thùy Dung', 123567899, 'Đống Đa, Hà Nội', '');

-- --------------------------------------------------------

--
-- Table structure for table `tbl_orderdetail`
--

CREATE TABLE `tbl_orderdetail` (
  `sohoadon` int(11) NOT NULL,
  `san_pham_id` int(11) NOT NULL,
  `soluong` int(11) NOT NULL,
  `giaban` int(11) NOT NULL
) ENGINE=InnoDB DEFAULT CHARSET=utf8mb4 COLLATE=utf8mb4_general_ci;

--
-- Dumping data for table `tbl_orderdetail`
--

INSERT INTO `tbl_orderdetail` (`sohoadon`, `san_pham_id`, `soluong`, `giaban`) VALUES
(32, 44, 2, 15290000),
(33, 46, 1, 27590000),
(33, 48, 1, 9990000),
(34, 44, 1, 15290000),
(35, 45, 1, 16190000),
(36, 46, 1, 27590000),
(37, 45, 1, 16190000),
(37, 49, 1, 8990000),
(38, 51, 1, 18990000),
(39, 44, 1, 15290000),
(40, 44, 1, 15290000),
(41, 45, 1, 16190000),
(42, 44, 1, 15290000),
(43, 44, 1, 15290000),
(44, 45, 1, 16190000),
(45, 45, 1, 16190000),
(46, 45, 4, 16190000),
(46, 46, 2, 27590000),
(46, 51, 1, 18990000),
(47, 44, 4, 15290000),
(47, 52, 2, 8990000),
(49, 46, 1, 27590000),
(49, 63, 2, 6490000),
(50, 45, 1, 16190000),
(51, 48, 1, 9990000),
(52, 46, 3, 27590000),
(52, 49, 2, 8990000),
(53, 45, 5, 16190000),
(54, 45, 1, 16190000),
(54, 63, 1, 6490000),
(55, 46, 2, 27590000),
(55, 49, 1, 8990000),
(55, 52, 2, 8990000),
(55, 58, 1, 27990000),
(56, 45, 1, 16190000),
(57, 44, 1, 15290000),
(58, 44, 1, 15290000),
(59, 44, 1, 15290000),
(60, 45, 1, 16190000),
(61, 45, 1, 16190000),
(62, 50, 1, 9990000);

-- --------------------------------------------------------

--
-- Table structure for table `tbl_sp`
--

CREATE TABLE `tbl_sp` (
  `san_pham_id` int(100) NOT NULL,
  `kieu_san_pham_id` int(100) NOT NULL,
  `danh_muc_id` int(100) NOT NULL,
  `anh_san_pham` varchar(1000) DEFAULT NULL,
  `ten_san_pham` varchar(500) DEFAULT NULL,
  `gia_goc` int(11) DEFAULT NULL,
  `gia_ban` int(11) DEFAULT NULL,
  `so_luong` int(100) DEFAULT NULL,
  `chi_tiet` text DEFAULT NULL,
  `mo_ta` text DEFAULT NULL,
  `noi_dung` text DEFAULT NULL
) ENGINE=InnoDB DEFAULT CHARSET=utf8 COLLATE=utf8_unicode_ci;

--
-- Dumping data for table `tbl_sp`
--

INSERT INTO `tbl_sp` (`san_pham_id`, `kieu_san_pham_id`, `danh_muc_id`, `anh_san_pham`, `ten_san_pham`, `gia_goc`, `gia_ban`, `so_luong`, `chi_tiet`, `mo_ta`, `noi_dung`) VALUES
(44, 1, 8, 'admin/images/sp/iphone12.jpg', 'iPhone 12', 17900000, 15290000, NULL, '<ul>\r\n<li>Máy mới 100% , chính hãng Apple.</li>\r\n<li>1 ĐỔI 1 trong 30 ngày nếu có lỗi phần cứng nhà sản xuất.</li>\r\n<li>Bảo hành 12 tháng tại trung tâm bảo hành chính hãng Apple</li>\r\n<li>Giá sản phẩm đã bao gồm VAT</li>\r\n</ul>', '<ul>\r\n<li>Công nghệ màn hình: OLED</li>\r\n<li>Độ phân giải: Super Retina XDR (1170 x 2532 Pixels)</li>\r\n<li>Màn hình rộng: 6.1\" - Tần số quét 60 Hz</li>\r\n<li>Độ sáng tối đa: 1200 nits</li>\r\n<li>Mặt kính cảm ứng: Kính cường lực Ceramic Shield.</li>\r\n</ul>', '<H5>Hiệu năng vượt trội, thách thức mọi giới hạn</H5><br>\r\niPhone 12 được trang bị chipset A14 Bionic - bộ xử lý được trang bị lần đầu trên iPad Air 4 vừa cho ra mắt cách đây không lâu, mở đầu xu thế chip 5 nm thương mại trên toàn thế giới. <br><br>\r\n<h5> Vẻ đẹp gợi nhớ và chuẩn màn hình OLED</h5>\r\niPhone 12 lấy cảm hứng vẻ đẹp hoài niệm của iPhone 4 và iPhone 5 từ những năm về trước hay các dòng Tablet iPad Pro và iPad Air mới nhất thay vì bo cong như điện thoại iPhone 11. <br><br>\r\nMàn hình iPhone 12 có kích thước 6.1 inch độ phân giải 1170 x 2532 Pixels, khung viền bao quanh mặt kính được làm từ nhôm thay vì thép trên dòng Pro. <br><br>\r\n<h5> Hệ thống camera kép chuyên nghiệp</h5>\r\niPhone 12 có 2 cảm biến để cải thiện khả năng chụp ảnh, đây là các ống kính tiêu chuẩn 12 MP khẩu độ f/1.6 và camera góc siêu rộng 12 MP khẩu độ f/2.4 cho góc nhìn 120 độ đem đến những khung ảnh thiên nhiên hùng vĩ một cách bao quát hay những tòa nhà cao tầng chỉ trong một khung hình. <br><br>\r\nTheo Apple, ống kính khẩu độ lớn trên máy sẽ giúp khả năng chụp ảnh thiếu sáng được cải thiện thêm 27% và giảm nhiễu hơn so với thế hệ trước. Vì vậy, cho dù ban ngày hay ban đêm với ánh sáng yếu, bạn sẽ nhận được mức độ chi tiết và màu sắc mà trước đây không thể có. <br><br>\r\n<h5> Công nghệ sạc đa năng</h5>\r\niPhone 12 có khả năng lên đến 17 giờ phát video và nghe nhạc liên tục trong khoảng 65 giờ cho mọi trải nghiệm của bạn luôn diễn ra một cách liền mạch. <br><br>\r\nMột iPhone cao cấp phục vụ mọi công việc không thể thiếu tính năng sạc pin nhanh. iPhone 12 cũng được trang bị sạc nhanh 20 W sẽ đảm bảo thiết bị có ngay 50% pin trong 30 phút. Ngoài ra, cũng có tính năng sạc không dây Qi, cho phép nạp năng lượng trên đế sạc không dây hữu ích và tiện lợi.\r\n'),
(45, 1, 8, 'admin/images/sp/iphone13.jpg', 'iPhone 13', 18990000, 16190000, NULL, '<ul>\r\n<li>Máy mới 100% , chính hãng Apple.</li>\r\n<li>1 ĐỔI 1 trong 30 ngày nếu có lỗi phần cứng nhà sản xuất.</li>\r\n<li>Bảo hành 12 tháng tại trung tâm bảo hành chính hãng Apple</li>\r\n<li>Giá sản phẩm đã bao gồm VAT</li>\r\n</ul>', '<ul>\r\n<li>Màn hình: OLED 6.1\" Super Retina XDR</li>\r\n<li>Hệ điều hành: iOS 15</li>\r\n<li>Camera sau: 2 camera 12 MP</li>\r\n<li>Camera trước: 12 MP</li>\r\n<li>Chip: Apple A15 Bionic</li>\r\n<li>RAM: 4 GB</li>\r\n<li>Dung lượng lưu trữ: 128 GB</li>\r\n<li>SIM: 1 Nano SIM & 1 eSIM Hỗ trợ 5G</li>\r\n<li>Pin, Sạc: 3240 mAh</li>\r\n</ul>', '<h5>Hiệu năng vượt trội nhờ chip Apple A15 Bionic</h5>\r\nCon chip Apple A15 Bionic siêu mạnh được sản xuất trên quy trình 5 nm giúp iPhone 13 đạt hiệu năng ấn tượng, với CPU nhanh hơn 50%, GPU nhanh hơn 30% so với các đối thủ trong cùng phân khúc.<br><br>\r\n\r\n<h5>Chip Apple A15 Bionic mạnh mẽ - iPhone 13 128GB</h5>\r\n\r\nNhờ hiệu năng được cải tiến, người dùng có được những trải nghiệm tốt hơn trên điện thoại khi dùng các ứng dụng chỉnh sửa ảnh hay chiến các tựa game đồ họa cao mượt mà.<br><br>\r\n\r\n<h5>Đồ họa mượt mà - iPhone 13 128GB</h5>\r\n\r\niPhone 13 trang bị bộ nhớ trong 128 GB dung lượng lý tưởng cho phép bạn thỏa thích lưu trữ mọi nội dung theo ý muốn mà không lo nhanh đầy bộ nhớ.<br><br>\r\n\r\n<h5>Tốc độ 5G tốt hơn</h5>\r\nMạng 5G được cải thiện chất lượng với nhiều băng tần hơn, với 5G giúp điện thoại xem trực tuyến hay tải xuống các ứng dụng và tài liệu đều đạt tốc độ nhanh chóng. Không chỉ vậy, siêu phẩm mới này còn có chế độ dữ liệu thông minh, tự động phát hiện và giảm tải tốc độ mạng để tiết kiệm năng lượng khi không cần dùng tốc độ cao.'),
(46, 1, 9, 'admin/images/sp/s23ultra.png', 'Samsung Galaxy S23 Ultra', 36990000, 27590000, NULL, '<ul>\r\n<li>Mới, đầy đủ phụ kiện từ nhà sản xuất.</li>\r\n<li>Bảo hành 12 tháng tại trung tâm bảo hành Chính hãng.</li>\r\n<li>1 đổi 1 trong 30 ngày nếu có lỗi phần cứng từ nhà sản xuất.</li>\r\n<li>Giá sản phẩm đã bao gồm VAT.</li>\r\n</ul>', '<ul>\r\n<li>Kích thước màn hình: 6.8 inches</li>\r\n<li>Công nghệ màn hình: Dynamic AMOLED 2X</li>\r\n<li>Dung lượng RAM: 12 GB</li>\r\n<li>Bộ nhớ trong: 128 GB</li>\r\n<li>Pin: 5000 mAh.</li>\r\n</ul>', '<h5>Hiển thị sắc nét, cấu hình đỉnh cao</h5>\r\nSmartphone cao cấp nhất của tập đoàn Samsung trong năm 2023 được nhiều người bình chọn là phân khúc Samsung Galaxy S23 Ultra. Bứt phá mọi giới hạn hiệu năng với vi xử lý Snapdragon 8 Gen 2 đỉnh cao cùng khả năng hiển thị hình ảnh sắc nét trong từng chi tiết điểm ảnh, Galaxy S23 Ultra mang tới trải nghiệm sử dụng siêu mượt mà, dễ dàng làm hài lòng những người dùng khó tính nhất<br><br>\r\n\r\n<h5>Cụm camera 200MP cực khủng giúp nâng tầm trải nghiệm quay chụp</h5>\r\nTrong phiên bản nâng cấp lần này, khả năng quay chụp của Samsung Galaxy S23 Ultra được nâng lên một tầm cao mới và gần như không thua kém bất kỳ đối thủ nào trên thị trường. Với hệ thống ống kính gồm 3 camera phía sau, bao gồm camera chính 200MP, camera góc siêu rộng 12MP và 2 camera tele 10MP cho zoom quang học và xóa phông.<br><br>\r\n\r\n<h5>Trải nghiệm suốt ngày dài với viên pin 5000mAh</h5>\r\nSamsung Galaxy S23 Ultra được trang bị viên pin lớn với dung lượng lên tới 5000mAh, đem tới thời lượng sử dụng lên tới 9 giờ 28 phút cho các tác vụ như chơi game, xem Youtube, lướt Facebook. Còn với những tác vụ cơ bản như gọi điện, nhắn tin thì bạn thậm chí có thể trải nghiệm Galaxy S23 Ultra trong cả ngày dài.<br><br>\r\n\r\n'),
(47, 4, 9, 'admin/images/sp/a34.jpg', 'Samsung Galaxy A34 5G', 8490000, 7290000, NULL, '<ul>\r\n<li>Mới, đầy đủ phụ kiện từ nhà sản xuất.</li>\r\n<li>Bảo hành 12 tháng tại trung tâm bảo hành Chính hãng.</li>\r\n<li>1 đổi 1 trong 30 ngày nếu có lỗi phần cứng từ nhà sản xuất.</li>\r\n<li>Giá sản phẩm đã bao gồm VAT.</li>\r\n</ul>', '<ul>\r\n<li>Kích thước màn hình: 6.6 inches</li>\r\n<li>Công nghệ màn hình: Super AMOLED</li>\r\n<li>Dung lượng RAM: 8 GB</li>\r\n<li>Bộ nhớ trong: 128 GB</li>\r\n<li>Pin: 5000 mAh.</li>\r\n</ul>', '<h5>Đánh giá điện thoại Samsung Galaxy A34 - Cấu hình tốt cùng camera sắc nét</h5>\r\nSau thành công của mẫu điện thoại Samsung Galaxy A33, phiên bản kế tiếp là Samsung Galaxy A34 đã được phát triển với nhiều cải tiến để hướng tới đối tượng khách hàng phổ thông. Hãy cùng đánh giá chi tiết những điểm nổi bật của chiếc điện thoại này để bạn quyết định xem liệu sản phẩm này có phù hợp với nhu cầu sử dụng của mình không nhé.<br><br>\r\n\r\n<h5>Thiết kế mỏng, nhẹ</h5>\r\nSamsung Galaxy A34 vẫn sử dụng thiết kế nổi bật với màu sắc trẻ trung và mặt lưng nổi bật khi sở hữu cụm camera sau 3 ống kính. Tuy nhiên, phần cạnh viền lại được bo tròn để mang lại cảm giác mềm mại, thoải mái khi cầm, sử dụng điện thoại.<br><br>\r\n\r\n<h5>Màn hình sắc nét, sống động</h5>\r\nLớp kính cường lực được sử dụng trên Samsung Galaxy A34 sẽ đảm bảo chắc chắn được độ bền, khả năng chống trầy xước của điện thoại mà không làm ảnh hưởng tới chất lượng hiển thị hình ảnh.<br><br>\r\n\r\nSản phẩm cũng sử dụng loại màn có tần số quét 120Hz giống như trên phiên bản tiền nhiệm. Điều này sẽ giúp cho các thao tác kéo/thả, đóng/mở ứng dụng cũng như trải nghiệm chơi game trên chiếc điện thoại này luôn mượt mà.<br><br>\r\n\r\n'),
(48, 0, 10, 'admin/images/sp/vivov25.jpg', 'vivo V25 Pro', 13990000, 9990000, NULL, '<ul>\r\n<li>Mới, đầy đủ phụ kiện từ nhà sản xuất.</li>\r\n<li>Bảo hành 12 tháng tại trung tâm bảo hành Chính hãng.</li>\r\n<li>1 đổi 1 trong 30 ngày nếu có lỗi phần cứng từ nhà sản xuất.</li>\r\n<li>Giá sản phẩm đã bao gồm VAT.</li>\r\n</ul>', '<ul>\r\n<li>Kích thước màn hình: 6.56 inches</li>\r\n<li>Công nghệ màn hình: AMOLED</li>\r\n<li>Dung lượng RAM: 8GB + Mở rộng 8GB</li>\r\n<li>Bộ nhớ trong: 128 GB</li>\r\n<li>Pin: 4830 mAh.</li>\r\n</ul>', '<h5>Vivo V25 Pro - Khả năng chụp ảnh ấn tượng</h5>\r\nVivo V25 Pro là phiên bản smartphone thuộc phân khúc tầm trung mới nhất của Vivo V trong năm nay. Chiếc điện thoại sẽ tiếp nối những ưu điểm vượt trội hơn các thế hệ đời trước ở phần thiết kế bắt mắt, ngoại hình mỏng, màn hình sống động. Không dừng lại ở đó, thiết bị còn được cải tiến ở những bộ phận khác như dung lượng pin, camera,... và được cải tiến từ Vivo V25.<br><br>\r\n\r\n<h5>Thiết kế Vivo V25 Pro mỏng nhẹ với màu sắc sống động</h5>\r\nTrong phiên bản nâng cấp lần này, khả năng quay chụp của Samsung Galaxy S23 Ultra được nâng lên một tầm cao mới và gần như không thua kém bất kỳ đối thủ nào trên thị trường. Với hệ thống ống kính gồm 3 camera phía sau, bao gồm camera chính 200MP, camera góc siêu rộng 12MP và 2 camera tele 10MP cho zoom quang học và xóa phông.<br><br>\r\n\r\n<h5>Màn hình Vivo V25 Pro cho khả năng hiển thị hình ảnh sắc nét, chân thực</h5>\r\nDòng Vivo V25 Pro đi kèm với chiếc màn hình có kích thước 6.56 inch, một tấm nền AMOLED phủ ở phía trước và độ phân giải Full HD+. Bên cạnh đó chiếc smartphone còn được tối ưu kích thước hiển thị hình ảnh khi có phần viền màn hình rất mỏng và thiết kế màn hình theo kiểu đục lỗ.<br><br>\r\n\r\n'),
(49, 1, 10, 'admin/images/sp/vivov27e.png', 'Vivo V27e', 9981000, 8990000, NULL, '<ul>\r\n<li>Mới, đầy đủ phụ kiện từ nhà sản xuất.</li>\r\n<li>Bảo hành 12 tháng tại trung tâm bảo hành Chính hãng.</li>\r\n<li>1 đổi 1 trong 30 ngày nếu có lỗi phần cứng từ nhà sản xuất.</li>\r\n<li>Giá sản phẩm đã bao gồm VAT.</li>\r\n</ul>', '<ul>\r\n<li>Kích thước màn hình: 6.62 inches</li>\r\n<li>Công nghệ màn hình: AMOLED</li>\r\n<li>Dung lượng RAM: 8GB</li>\r\n<li>Bộ nhớ trong: 256 GB</li>\r\n<li>Pin: 4600 mAh.</li>\r\n</ul>', '<h5>Vivo V27e - Cấu hình cân bằng, thiết kế độc đáo, camera sắc nét</h5>\r\nVivo V27e là một trong những chiếc điện thoại có tính toàn diện cao trong phân khúc, đặc biệt là hiệu năng ổn định, khả năng chơi game rất mượt mà, đem lại trải nghiệm sử dụng hằng ngày rất tốt. Nếu bạn quan tâm tới sản phẩm điện thoại Vivo này, thì hãy tham khảo phần nội dung phía dưới đây nhé.<br><br>\r\n\r\n<h5>Hiệu năng ổn định</h5>\r\nVivo V27e sở hữu con chip MediaTek Helio G99, đây là bộ vi xử lý rất mạnh mẽ và cũng là sản phẩm mới của nhà MediaTek. Từ đó, người dùng có thể sử dụng bất cứ tác vụ nào, mà không phải lo lắng bị giật, lag. Đặc biệt, khả năng chơi game rất ổn định, hình ảnh đồ họa cực nét, đảm bảo thỏa mãn cho đôi mắt của bạn.<br><br>\r\n\r\n<h5>Dung lượng pin cực trâu</h5>\r\nSản phẩm sở hữu viên pin lên tới 4600 mAh, sử dụng được lên tới nhiều giờ với những tác vụ cơ bản, nhằm đảm bảo quá trình hoạt động trở lên liền mạch, người dùng không phải sạc quá nhiều lần. Bên cạnh đó, các bạn có thể bật chế độ tiết kiệm pin cho thiết bị, sẽ giảm hiệu suất và kéo dài thời gian sử dụng rất hữu dụng, cần thiết khi người dùng không mang theo sạc.<br><br>'),
(50, 4, 11, 'admin/images/sp/opporeno10.png', 'Oppo Reno 10', 10990000, 9990000, NULL, '<ul>\r\n<li>Mới, đầy đủ phụ kiện từ nhà sản xuất.</li>\r\n<li>Bảo hành 12 tháng tại trung tâm bảo hành Chính hãng.</li>\r\n<li>1 đổi 1 trong 30 ngày nếu có lỗi phần cứng từ nhà sản xuất.</li>\r\n<li>Giá sản phẩm đã bao gồm VAT.</li>\r\n</ul>', '<ul>\r\n<li>Kích thước màn hình: 6.7 inches</li>\r\n<li>Công nghệ màn hình: AMOLED</li>\r\n<li>Dung lượng RAM: 8GB</li>\r\n<li>Bộ nhớ trong: 256 GB</li>\r\n<li>Pin: 5000 mAh.</li>\r\n</ul>', '<h5>OPPO Reno10 - Thiết kế nổi bật, cấu hình cực đỉnh</h5>\r\nĐiện thoại OPPO Reno10 là siêu phẩm smartphone thế hệ mới chuẩn bị được ra mắt trong thời gian tới đây của “ông lớn” công nghệ OPPO. Sở hữu những ưu điểm vượt trội cả về thiết kế lẫn hiệu năng, Reno10 đang thu hút được sự quan tâm của đông đảo người dùng hiện nay. Đây sẽ là lựa chọn mà bạn không nên bỏ qua khi muốn trang bị cho mình một thiết bị công nghệ thế hệ mới.<br><br>\r\n\r\n<h5>Thiết kế Oppo Reno 10 thời thượng, thu hút mọi ánh nhìn</h5>\r\nTrong phiên bản ra mắt mới nhất này, OPPO Reno10 vẫn giữ được thiết kế vuông vức như phiên bản tiền nhiệm trước đó. Khác biệt lớn nhất giữa 2 phiên bản là thiết kế mô-đun camera ở phía mặt lưng. Cụ thể, mô-đun camera của Reno 10 sẽ là hình elip thay vì là dạng hình vuông như ở các phiên bản tiền nhiệm trước đó. <br><br>\r\n\r\n<h5>OPPO Reno10 sở hữu độ hiển thị sắc nét với tấm nền 3D AMOLED hiện đại</h5>\r\nVề mặt hình ảnh, Reno10 đã nhận được sự ưu ái rất lớn của OPPO khi sở hữu tấm nền 3D AMOLED 6.7 inches siêu sắc nét. Đây có thể được xem là một đột phá lớn của OPPO trong lần ra mắt tiếp theo của dòng sản phẩm OPPO Reno này. Với thông số cực khủng về mặt hiển thị trên, mọi trải nghiệm xem phim, chơi game đồ hoạ của người dùng thông qua Reno10 đều vô cùng sống động, chân thực.<br><br>'),
(51, 0, 11, 'admin/images/sp/oppofindn2.png', 'OPPO Find N2 Flip', 19990000, 18990000, NULL, '<ul>\r\n<li>Mới, đầy đủ phụ kiện từ nhà sản xuất.</li>\r\n<li>Bảo hành 12 tháng tại trung tâm bảo hành Chính hãng.</li>\r\n<li>1 đổi 1 trong 30 ngày nếu có lỗi phần cứng từ nhà sản xuất.</li>\r\n<li>Giá sản phẩm đã bao gồm VAT.</li>\r\n</ul>', '<ul>\r\n<li>Kích thước màn hình: 6.8 inches</li>\r\n<li>Công nghệ màn hình: AMOLED</li>\r\n<li>Dung lượng RAM: 8GB</li>\r\n<li>Bộ nhớ trong: 256 GB</li>\r\n<li>Pin: 4300 mAh.</li>\r\n</ul>', '<h5>Màn hình gập không nếp gấp, màn hình phụ kích thước lớn</h5>\r\nTrên thị trường hiện tại, các dòng điện thoại Flip đa số vẫn chưa giải quyết được vấn đề nếp nhăn xuất hiện ở phần màn hình gập. Tuy nhiên đến với OPPO Find N2 Flip, bạn sẽ có được trải nghiệm hoàn toàn mới – <b>GẬP KHÔNG NẾP GẤP</b>. Tất cả là nhờ vào bản lề cao cấp có độ bền 10 năm được chế tạo từ vật liệu chuyên dụng trong ngành hàng không. Đây chính là thành quả đột phá của quá trình nghiên cứu và phát triển của OPPO trong suốt 5 năm đối với dòng điện thoại gập.<br><br>\r\n\r\n<h5>Camera gương thần với bộ xử lý hình ảnh MariSilicon X</h5>\r\nỞ mỗi màn hình trong và ngoài của smartphone đều được OPPO trang bị một chiếc camera selfie có độ phân giải 32MP. Như vậy, dù thiết bị đang được gập lại, hay mở ra, người dùng đều có thể chụp những bức ảnh selfie hay thực hiện cuộc gọi video. Cùng với đó, thiết bị còn được trang bị công nghệ cao cấp, bao gồm cảm biến Sony và bộ xử lý hình ảnh NPU mang tên MariSilicon X. Nhờ vậy, ảnh chụp trở nên rõ ràng sắc nét kể cả trong điều kiện ánh sáng kém. Hệ thống camera man đến cảm giác chân thực như đang thao tác trên máy ảnh Hasselblad. Từ âm thanh màn trập mang tính biểu tượng cho đến chế độ Xpan huyền thoại, thiết bị còn kết hợp bộ lọc màu Hasselblad cho cảm giác chân thực đáng kinh ngạc.<br><br>\r\n\r\n<h5>Thiết kế bỏ túi tiện lợi, màu sắc trẻ trung</h5>\r\nĐiện thoại OPPO Find N2 Flip  sở hữu thiết kế dạng vỏ sò gập cao cấp. Theo đó, khối lượng thiết bị nhẹ chỉ khoảng 191gram. Ngoài ra, tuy sở hữu thiết kế gập, nhưng bề dày của smartphone chỉ dừng lại ở 16.02mm, không khiến bạn bị mỏi tay khi sử dụng trong thời gian dài.Về màu sắc, thế hệ smartphone mới của OPPO sẽ cung cấp 2 phiên bản là Đen Khói và Tím Sương. Các gam màu này đều mang tính năng động, trẻ trung, thanh lịch đi kèm với mặt lưng đơn giản nhưng hiện đại.<br><br>'),
(52, 3, 12, 'admin/images/sp/redminote12pro.jpg', 'Xiaomi Redmi Note 12 Pro 5G', 9490000, 8990000, NULL, '<ul>\r\n<li>Mới, đầy đủ phụ kiện từ nhà sản xuất.</li>\r\n<li>Bảo hành 12 tháng tại trung tâm bảo hành Chính hãng.</li>\r\n<li>1 đổi 1 trong 30 ngày nếu có lỗi phần cứng từ nhà sản xuất.</li>\r\n<li>Giá sản phẩm đã bao gồm VAT.</li>\r\n</ul>', '<ul>\r\n<li>Kích thước màn hình: 6.67 inches</li>\r\n<li>Công nghệ màn hình: AMOLED</li>\r\n<li>Dung lượng RAM: 8GB</li>\r\n<li>Bộ nhớ trong: 256 GB</li>\r\n<li>Pin: 5000 mAh.</li>\r\n</ul>', '<h5>Bổ sung công nghệ màn hình 1 tỷ màu, Dolby Vision, HDR10+</h5>\r\nTuy sở hữu cùng một kích thước màn hình tuy nhiên Xiaomi Redmi Note 12 Pro được trang bị tấm nền OLED cao cấp. Đặc biệt phải kể đến trên mẫu điện thoại đó chính là dải màu rộng lên đến 1 tỷ màu cùng với công nghệ hiển thị Dolby Vision và HDR10+. Công nghệ mới này giúp điện thoại mang lại khả năng hiển thị sống động, màu sắc tươi sáng, màu đen sâu. Kết hợp với độ sáng được nâng cấp lên 900 nits giúp điện thoại có thể hiển thị tốt trong nhiều điều điện ánh sáng khác nhau, kể cả ngoài trời.<br><br>\r\n\r\n<h5>Bổ sung tính năng OIS chống rung quang học</h5>\r\nTuy độ phân giải trên Redmi Note 12 Pro giảm so với thế hệ trước tuy nhiên điện thoại mới này lại được trang bị cảm biến chống rung OIS. Do đó, tuy thông số bị sụt giảm nhưng chất lượng hình ảnh mà điện thoại mang lại không hề giảm. Kết hợp với cảm biến IMX766 của Sony và thấu kính 1/1.56 inch nhờ đó hình ảnh mang lại với độ sáng cao, khả năng lấy nét nhanh.<br><br>\r\n\r\n<h5>Màn hình AMOLED sắc nét, tần số quét 120Hz mượt mà</h5>\r\nDòng smartphone mới nhất đến từ nhà Xiaomi còn ghi điểm với người tiêu dùng bởi màn hình AMOLED với kích thước đạt 6.67 inch. Hơn nữa, thiết bị còn sở hữu độ phân giải cao mang đến chất lượng hình ảnh vô cùng sắc nét với các dải màu sống động. Bên cạnh độ phân giải, màn hình smartphone còn đặc biệt ấn tượng với tần số quét đạt đến 120Hz, cùng độ sáng tối đa lên đến 900 nits. Nhờ vào đó người dùng có thể trải nghiệm lượt web mượt mà, cũng như có thể xem phim, chơi game với hình ảnh rõ nét trong mọi điều kiện ánh sáng.<br><br>'),
(53, 0, 12, 'admin/images/sp/redminote11pro.png', 'Xiaomi Redmi Note 11 Pro', 7490000, 5790000, NULL, '<ul>\r\n<li>Mới, đầy đủ phụ kiện từ nhà sản xuất.</li>\r\n<li>Bảo hành 12 tháng tại trung tâm bảo hành Chính hãng.</li>\r\n<li>1 đổi 1 trong 30 ngày nếu có lỗi phần cứng từ nhà sản xuất.</li>\r\n<li>Giá sản phẩm đã bao gồm VAT.</li>\r\n</ul>', '<ul>\r\n<li>Kích thước màn hình: 6.66 inches</li>\r\n<li>Công nghệ màn hình: AMOLED</li>\r\n<li>Dung lượng RAM: 8GB</li>\r\n<li>Bộ nhớ trong: 128 GB</li>\r\n<li>Pin: 5000 mAh.</li>\r\n</ul>', '<h5>Màn hình AMOLED siêu sắc nét, tần số quét lớn</h5>\r\nXiaomi Redmi Note 11 Pro là chiếc máy nâng cấp bởi người tiền nhiệm Redmi Note 11, vì vậy nó không có nhiều sự khác biệt về thiết kế so với thế hệ trước. Điểm đặc biệt là phần cụm camera được nghiên cứu rất kỹ và thiết kế khác hẳn với những sản phẩm cùng phân khúc trên thị trường khiến nó càng trở nên nổi bật.<br><br>\r\n\r\n<h5>Sức mạnh vượt trội với con chip MediaTek Helio G96 mạnh mẽ</h5>\r\nXiaomi Redmi Note 11 Pro được cung cấp sức mạnh đến từ con chip mạnh mẽ ở phân khúc tầm trung. Đó chính là chip MediaTek Helio G96 được tích hợp cung cấp khả năng tải xuống tốc độ cao và hiệu năng hoạt động nhanh chóng và mượt mà. <br><br>\r\n\r\n<h5>Cụm camera cực kỳ ấn tượng, dung lượng pin 5000 mAh</h5>\r\nLần này không thể nào đánh giá thấp được khả năng chụp ảnh của chiếc Xiaomi Redmi Note 11 Pro được nữa khi nó được trang bị một camera chính với độ phân giải khủng đến tận 108MP. Một con số khủng chắc chắn sẽ mang đến một chất lượng hình ảnh siêu sắc nét, còn lại là cảm biến macro 2MP, cảm biến góc siêu rộng 8MP. Hệ thống bên trên được đặt bên trong một cụm camera nhằm hoàn thiện được khả năng làm việc hiệu quả nhất, bạn hoàn toàn sẽ có ngay được những bức ảnh chụp trọn vẹn khoảnh khắc đáng quý. Thêm vào đó là một camera trước có độ phân giải 16MP nhằm bắt trọn những vẻ đẹp của bạn và tăng nó lên tầm cao mới để sẵn sàng chia sẻ với bạn bè.\r\n\r\nDung lượng pin của Xiaomi Redmi Note 11 Pro, máy được trang bị thời lượng pin đạt ở mức 5000 mAh, cho khả năng hoạt động liên tục trọn vẹn trong cả ngày dài với cường độ cao nhất. Kèm theo đó là chế độ sạc nhanh 67W giúp thời lượng pin khủng được nạp đầy nhanh chóng.<br><br>'),
(54, 2, 8, 'admin/images/sp/iphone14.png', 'iPhone 14 Pro Max', 31125000, 26250000, NULL, '<ul>\r\n<li>Máy mới 100% , chính hãng Apple.</li>\r\n<li>1 ĐỔI 1 trong 30 ngày nếu có lỗi phần cứng nhà sản xuất.</li>\r\n<li>Bảo hành 12 tháng tại trung tâm bảo hành chính hãng Apple</li>\r\n<li>Giá sản phẩm đã bao gồm VAT</li>\r\n</ul>', '<ul>\r\n<li>Công nghệ màn hình: Super Retina XDR OLED</li>\r\n<li>Màn hình rộng: 6.7\" - Tần số quét 60 Hz</li>\r\n<li>Dung lượng RAM: 6 GB</li>\r\n<li>Bộ nhớ trong: 128 GB</li>\r\n</ul>', '<H5>Màn hình viên thuốc độc đáo</H5>\r\nỞ dòng iPhone 14 Pro Max 128GB, Apple đã thay thế thiết kế tai thỏ truyền thống trước đó bằng thiết kế hình viên thuốc mới mẻ. Ưu điểm của thiết kế hình viên thuốc chính là không chiếm quá nhiều diện tích màn hình nhằm tối ưu hóa không gian hiển thị nội dung của smartphone.<br><br>\r\nNgoài ra, siêu phẩm mới của nhà Táo cũng sở hữu kích thước màn hình đạt 6.7 inch với độ phân giải 2796 x 1290 pixel, tấm nền OLED cùng công nghệ Retina độc quyền. Nhờ vào đó, người dùng sẽ có được những trải nghiệm giải trí và làm việc hoàn hảo với hình ảnh sắc nét và rực rỡ.  <br><br>\r\n<h5> Con chip A16 Bionic tiến trình 4nm mạnh mẽ</h5>\r\nTheo như đánh giá thực tế, hiệu suất xử lý của chip A16 Bionic nhanh hơn đến 10% so với phiên bản A15 trước đó. Ngoài ra, con chip này cũng đi kèm với GPU 5 nhân với băng thông bộ nhớ tăng thêm đến 50% so với dòng A15 giúp smartphone có thể xử lý những tựa game có đồ họa cao.<br><br>\r\n<h5>Cấu hình ấn tượng, hiệu năng khủng</h5>\r\nBên cạnh trang bị con chip A16 Bionic mạnh mẽ, hiệu suất vượt trội của iPhone 14 Pro Max còn được bổ sung bởi dung lượng RAM 6GB. Nhờ vào đó, thiết bị có thể xử lý đa tác vụ cùng lúc và không gặp phải tình trạng giật, lag. Ngoài ra, chiếc smartphone cũng sở hữu bộ nhớ trong tối đa lên đến 1TB giúp người dùng lưu trữ mọi dữ liệu và ứng dụng yêu thích.<br><br>\r\nĐiểm nhấn ở cấu hình của iPhone 14 Pro Max cũng nằm ở khả năng kết nối 5G với tốc độ vượt trội đạt đến 10 Gigabit/ giây. Nhờ vào đó, công nghệ 5G trên chiếc smartphone có thể hỗ trợ người dùng luôn giữ được kết nối mạng khi đang ở bất kỳ quốc gia nào trên thế giới và không gặp gián đoạn. <br><br>\r\n<h5>Hệ điều hành IOS 16 cho khả năng cá nhân hoá cao</h5>\r\nDòng iPhone 14 Pro Max chạy trên hệ điều hành iOS 16 được giới thiệu lần đầu tiên trong sự kiện công nghệ WWDC 2022. Điểm nổi bật được nhiều người dùng ưa chuộng ở phiên bản iOS 16 nằm ở tính cá nhân hóa cao. Bạn có thể tự do thay đổi màn hình khóa với các tiện ích, hình ảnh, font chữ,... theo ý thích.\r\nHệ điều hành iOS 16 còn nổi bật với tính năng Live Activities hỗ trợ người dùng cập nhật các dữ liệu quan trọng như tiến độ tập luyện, đơn giao hàng,... Ngoài ra, iOS 16 còn bổ sung thêm tính năng thư viện ảnh chung trên iCloud giúp bạn dễ dàng chia sẻ những bức ảnh chụp với bạn bè, người thân, hay đồng nghiệp của mình.\r\n'),
(55, 2, 8, 'admin/images/sp/iphonese.png', 'iPhone SE 2022', 12990000, 9990000, NULL, '<ul>\r\n<li>Máy mới 100% , chính hãng Apple.</li>\r\n<li>1 ĐỔI 1 trong 30 ngày nếu có lỗi phần cứng nhà sản xuất.</li>\r\n<li>Bảo hành 12 tháng tại trung tâm bảo hành chính hãng Apple</li>\r\n<li>Giá sản phẩm đã bao gồm VAT</li>\r\n</ul>', '<ul>\r\n<li>Màn hình: 4.7 inch</li>\r\n<li>Hệ điều hành: iOS 15</li>\r\n<li>Camera sau: Camera góc rộng: 12MP, ƒ/1.8</li>\r\n<li>Camera trước: 7MP, ƒ/2.2</li>\r\n<li>Chip: Chip A15 Bionic 6 nhân</li>\r\n<li>RAM: 4 GB</li>\r\n<li>Dung lượng lưu trữ: 64 GB</li>\r\n<li>SIM: 2 SIM (nano‑SIM và eSIM)</li>\r\n<li>Pin: 2.018mAh</li>\r\n</ul>', '<h5>Điện thoại iPhone SE 2022 có mấy màu?</h5>\r\nThế hệ iPhone SE trước đó chỉ được trang bị ba phiên bản màu. Sang đến thế hệ SE 2022, thiết bị vẫn giữ lại ba màu sắc trên thế hệ trước lần lượt là đỏ, trắng và đen. Đặc biệt, iPhone SE 2022 sẽ không được trang bị thêm màu sắc mới.<br><br>\r\n\r\n<h5>Điện thoại iPhone SE 2022 bao nhiêu GB?</h5>\r\nKhi ra mắt, các nhà sản xuất thường cho ra mắt nhiều phiên bản cấu hình với từng giá bán cho người tiêu dung lựa chọn và iPhone SE 2022 cũng không ngoại lệ. Máy sẽ có ba phiên bản cấu hình bộ nhớ cho người dùng, lần lượt là:<br><br>\r\n<ul>\r\n<li>iPhone SE 2022 64GB</li>\r\n<li>iPhone SE 2022 128GB</li>\r\n<li>iPhone SE 2022 256GB</li>\r\n</ul>\r\n\r\n<h5>SE 2022 - iPhone đầu tiên được trang bị khung nhôm không carbon</h5>\r\n\r\nNếu các thế hệ trước đó được Apple trang bị khung nhôm hoặc khung thép không gỉ thì tới SE 2022, máy được Apple trang bị khung nhôm không chứa Carbon. Đây là thế hệ iPhone đầu tiên của Apple được trang khung viền này. Việc đưa nhôm không carbon vào sản xuất iPhone 13 là hành động góp phần bảo vệ môi trường, hạn chế phát sinh và thải khí nhà kính ra môi trường, tuân theo kim chỉ nam trước đó Apple đưa ra khi loại bỏ cốc sạc ra khỏi thiết bị.<br><br>\r\n\r\n<h5>Điện thoại iPhone SE 3 bền bỉ sau bài test va đập</h5>\r\niPhone SE 2022 được trang bị mặt kính cường lực ở cả hai mặt trước và sau và được Apple giới thiệu là vật liệu kinh cứng nhất với khả năng chống vỡ và chống trầy hiệu quả. Kếu quả, sau một số bài thử nghiệm thả rơi, thế hệ iPhone se 2022, thiết bị bền bỉ hơn so với thế hệ SE 2 và gần như bằng iPhone 13. Cụ thể, iPhone SE 2022 vẫn hoạt động và chỉ bị trầy xước nhẹ sau bài test thả rơi từ độ cao gần 2m xuống nền xi măng. Khi thả rơi ở độ cao tương tự nhưng hướng mặt lưng, mặt lưng nứt nhưng vẫn sống sót.'),
(56, 2, 8, 'admin/images/sp/iphone11.jpg', 'iPhone 11 128GB', 13990000, 11990000, NULL, '<ul>\r\n<li>Máy mới 100% , chính hãng Apple.</li>\r\n<li>1 ĐỔI 1 trong 30 ngày nếu có lỗi phần cứng nhà sản xuất.</li>\r\n<li>Bảo hành 12 tháng tại trung tâm bảo hành chính hãng Apple</li>\r\n<li>Giá sản phẩm đã bao gồm VAT</li>\r\n</ul>', '<ul>\r\n<li>Màn hình: OLED 6.1\" Super Retina XDR</li>\r\n<li>Hệ điều hành: iOS 15</li>\r\n<li>Camera sau: 2 camera 12 MP</li>\r\n<li>Camera trước: 12 MP</li>\r\n<li>Chip: A13 Bionic</li>\r\n<li>RAM: 4 GB</li>\r\n<li>Dung lượng lưu trữ: 128 GB</li>\r\n<li>SIM: 1 Nano SIM & 1 eSIMHỗ trợ 5G</li>\r\n<li>Pin, Sạc: 3110 mAh</li>\r\n</ul>', '<h5>Nâng cấp mạnh mẽ về cụm camera</h5>\r\nNăm nay với iPhone 11 thì Apple đã nâng cấp khá nhiều về camera nếu so sánh với chiếc iPhone Xr 128GB năm ngoái.<br><br>'),
(57, 3, 9, 'admin/images/sp/s20.jpg', 'Samsung Galaxy S20 FE', 12490000, 7250000, NULL, '<ul>\r\n<li>Mới, đầy đủ phụ kiện từ nhà sản xuất.</li>\r\n<li>Bảo hành 12 tháng tại trung tâm bảo hành Chính hãng.</li>\r\n<li>1 đổi 1 trong 30 ngày nếu có lỗi phần cứng từ nhà sản xuất.</li>\r\n<li>Giá sản phẩm đã bao gồm VAT.</li>\r\n</ul>', '<ul>\r\n<li>Kích thước màn hình: 6.5 inches</li>\r\n<li>Công nghệ màn hình: Super AMOLED</li>\r\n<li>Dung lượng RAM: 8 GB</li>\r\n<li>Bộ nhớ trong: 256 GB</li>\r\n<li>Pin: 4500 mAh.</li>\r\n</ul>', '<h5>Màn hình Super Amoled 6.5 inch, FullHD, công nghệ HDR10+, tần số quét 120Hz</h5>\r\nĐược định hướng vẫn là sản phẩm ở phân khúc cao cấp, Galaxy S20 Fan Edition được trang bị tấm nền Super Amoled cao cấp, kích thước màn hình lớn lên đến 6.5 inches, màn hình độ phân giải FullHD giúp hình ảnh hiển thị trên chiếc điện thoại này là vô cùng sắc nét và rực rỡ.<br><br>\r\n\r\n<h5>Hiệu năng mạnh mẽ với chip Snapdragon 865, chuẩn bộ nhớ UFS 3.1\r\n</h5>\r\nTrái tim của Samsung S20 FE chính là bộ vi xử lý Snapdragon 865 8 nhân giúp máy hoạt động mạnh mẽ, nhưng vẫn tiết kiệm được pin nhờ áp dụng tiến trình sản xuất nhỏ hơn.<br><br>\r\n\r\n<h5>Camera 12MP hỗ trợ quay phim 8K, zoom quang 3X</h5>\r\nGalaxy S20 FE thừa hưởng cụm camera từ người đàn anh Samsung Galaxy S20 với cụm 3 camera: camera chính 12MP hỗ trợ quay phim lên đến 8K kèm khả năng chống rung quang OIS kết hợp với chống rung điện tử EIS.\r\n'),
(58, 4, 9, 'admin/images/sp/zfold4.jpg', 'Samsung Galaxy Z Fold4', 40990000, 27990000, NULL, '<ul>\r\n<li>Mới, đầy đủ phụ kiện từ nhà sản xuất.</li>\r\n<li>Bảo hành 12 tháng tại trung tâm bảo hành Chính hãng.</li>\r\n<li>1 đổi 1 trong 30 ngày nếu có lỗi phần cứng từ nhà sản xuất.</li>\r\n<li>Giá sản phẩm đã bao gồm VAT.</li>\r\n</ul>', '<ul>\r\n<li>Kích thước màn hình: 7.6 inches</li>\r\n<li>Công nghệ màn hình: AMOLED</li>\r\n<li>Dung lượng RAM: 12 GB</li>\r\n<li>Bộ nhớ trong: 256 GB</li>\r\n<li>Pin: 4400 mAh.</li>\r\n</ul>', '<h5>Camera mắt thần bóng đêm cho trải nghiệm chụp ảnh ấn tượng</h5>\r\nCụm camera sau có khả năng thu phóng nhiều lần, đồng thời camera “Mắt thần bóng đêm” được nâng cấp các tính năng chuyên nghiệp. Đặc biệt khi chụp đêm, hình ảnh vẫn sắc nét, chi tiết, video mượt mà nhờ công nghệ OIS, VDIS và Super Night Solution giảm nhiễu.<br><br>\r\n\r\nNgoài ra, Z Fold4 còn mang đến những bức chân dung tuyệt đẹp bằng camera sau kể cả ở điều kiện thiếu sáng. Nhờ vào bộ phận tinh xảo của camera cùng phần mềm cải tiến nên ánh sáng được cải thiện đáng kể. Bộ vi xử lý còn giúp tăng cường chi tiết và màu sắc cho hình ảnh.<br><br>\r\n\r\n<h5>Chia sẻ nhanh chóng cùng tính năng Quick Share</h5>\r\nNgười dùng dễ dàng chia sẻ khoảnh khắc thú vị, những bức ảnh chuyên nghiệp của bản thân đến nhiều người khác nhau thông qua Quick Share. Tính năng này cho phép gửi các tệp lớn như hình ảnh độ phân giải cao, video dung lượng lớn. Thao tác thực hiện lần lượt là kéo bảng Chia sẻ, sau đó chọn tên người nhận và chạm để gửi để hoàn tất.<br><br>\r\n<h5>Màn hình đầu tiên chạy Android 12L</h5>\r\nGalaxy Z Fold4 là siêu phẩm Samsung đầu tiên sử dụng hệ điều hành Android 12 L, chạy trên One UI 4.1.1. Ở hệ điều hành này, Z Fold4 đã tối ưu hóa được các ứng dụng chạy trên màn hình gập bằng tác vụ chuyên dụng. Nhờ vậy, việc chuyển đổi giữa các ứng dụng trở nên đơn giản và dễ dàng hơn. Đặc biệt Android 12L cho phép người dùng chuyển đổi cài đặt nhanh và sử dụng 2 cột thông báo.\r\n'),
(59, 0, 9, 'admin/images/sp/m14.png', 'Samsung Galaxy M14 5G', 5290000, 3990000, NULL, '<ul>\r\n<li>Mới, đầy đủ phụ kiện từ nhà sản xuất.</li>\r\n<li>Bảo hành 12 tháng tại trung tâm bảo hành Chính hãng.</li>\r\n<li>1 đổi 1 trong 30 ngày nếu có lỗi phần cứng từ nhà sản xuất.</li>\r\n<li>Giá sản phẩm đã bao gồm VAT.</li>\r\n</ul>', '<ul>\r\n<li>Kích thước màn hình: 6.6 inches</li>\r\n<li>Công nghệ màn hình: PLS LCD</li>\r\n<li>Dung lượng RAM: 4 GB</li>\r\n<li>Bộ nhớ trong: 128 GB</li>\r\n<li>Pin: 6000 mAh.</li>\r\n</ul>', '<h5>Samsung Galaxy M14 - Hiệu năng mạnh mẽ, dung lượng pin lớn</h5>\r\nMột trong những thế hệ smartphone nổi trội thuộc phân khúc giá tầm trung, chuẩn bị được Samsung cho ra mắt trong thời gian tới đây là Samsung Galaxy M14 5G. Với kiểu dáng hiện đại, sang trọng cùng cấu hình vô cùng mạnh mẽ, M14 được nhiều người đánh giá là cực kỳ đáng sở hữu và có thể đáp ứng được mọi nhu cầu sử dụng khác nhau. Cùng tìm hiểu về các thông số của Galaxy M14 trong bài viết dưới đây ngay nhé!<br><br>\r\n\r\n<h5>Thiết kế hiện đại, kiểu dáng vuông vức hợp xu hướng</h5>\r\nNgười sử dụng đánh giá khá cao về phần thiết kế bên ngoài của Galaxy M14 với những đường nét cong bo vô cùng tinh tế ở vị trí 4 góc. Phần khung viền, mặt lưng của máy được vắt phẳng, đem tới cho người dùng một thiết bị có tổng thể vuông vức, hợp xu hướng hiện nay. Với thiết kế này, M14 sẽ mang lại cho người sử dụng cảm giác cầm nắm cực kỳ thoải mái, dễ chịu.<br><br>\r\n\r\n<h5>Khả năng hiển thị sắc nét với tấm nền IPS LCD thế hệ mới</h5>\r\nSamsung Galaxy M14 5G sở hữu tấm nền IPS LCD hiện đại với kích thước 6.6 inch cùng độ phân giải Full HD+. Thông số này cho phép máy tái hiện được một cách sống động, chân thực từng hình ảnh hiển thị với nội dung sắc nét, màu sắc rực rỡ. Tần số quét màn hình của máy lên tới 90Hz, đem tới cho người dùng những trải nghiệm vô cùng mượt mà, sinh động trên từng khung hình hiển thị.<br><br>'),
(60, 2, 10, 'admin/images/sp/vivoy72.jpg', 'Vivo Y72 5G', 9900000, 7990000, NULL, '<ul>\r\n<li>Mới, đầy đủ phụ kiện từ nhà sản xuất.</li>\r\n<li>Bảo hành 12 tháng tại trung tâm bảo hành Chính hãng.</li>\r\n<li>1 đổi 1 trong 30 ngày nếu có lỗi phần cứng từ nhà sản xuất.</li>\r\n<li>Giá sản phẩm đã bao gồm VAT.</li>\r\n</ul>', '<ul>\r\n<li>Kích thước màn hình: 6.58 inches</li>\r\n<li>Công nghệ màn hình: IPS LCD</li>\r\n<li>Dung lượng RAM: 8 GB</li>\r\n<li>Bộ nhớ trong: 128 GB</li>\r\n<li>Pin: 5000 mAh.</li>\r\n</ul>', '<h5>Vivo Y72 Mỏng tinh tế với thiết kế trau chuốt</h5>\r\nĐiện thoại Vivo Y72 5G sở hữu bên ngoài là một thiết kế vô cùng sexy khi mang đến cho người dùng một chiếc máy với độ mỏng vô cùng ấn tượng. Nhờ áp dụng công nghệ hiện đại mà khung hẹp của viền chỉ còn 2.75mm giúp máy đạt độ mỏng ấn tượng 8.5mm. Trọng lượng của máy đạt 193g, thiết kế mặt lưng với đường cong 2.5D giúp tăng trải nghiệm khi cần nắm. Từ đó có thể xem Vivo Y72 5G sở hữu một thiết kế tương tự các sản phẩm cao cấp. Mặt lưng được bao phủ bởi màu sắc tinh tế, người dùng có thể chọn phiên bản cầu vồng hoặc đen graphite.<br><br>\r\n\r\n<h5>Trải nghiệm Vivo Y72 5G màn hình siêu lớn</h5>\r\nĐắm chìn trong thế giới giải trí của điện thoại Vivo nhờ màn hình kích thước lớn lên đến 6.58 inch, Vivo Y72 sử dụng tấm nền icell giúp giảm độ dày của màn hình để tạo nên độ mỏng ấn tượng. Màn hình độ phân giải FullHD hỗ trợ độ bão hòa màu cao, cung cấp chất lượng hình ảnh rõ ràng và sống động. Không dừng lại ở đó, Y72 Vivo còn hỗ trợ dải màu rộng 96% NTSC, tỉ lệ màn hình 20:9 tuyệt vời để xem phim ảnh. Công nghệ bảo vệ mặt thế hệ thứ 5 giúp loại bỏ ánh xanh để bạn tận hưởng những bộ phim hay chơi video một cách thoải mái.<br><br>\r\n\r\n<h5>Cụm 3 camera Vivo Y72 hỗ trợ nhận diện, tối ưu cho từng khung cảnh</h5>\r\nHệ thống camera với camera chính của Y72 sở hữu 64MP hỗ trợ khả năng nhận biết và tối ưu từng khung cảnh mà bạn ghi lại. Bạn còn có thể chụp các bức ảnh góc siêu rộng, chụp bokeh hay macro đơn giản hơn nhờ 2 camera phụ còn lại của Vivo Y72 5G. Vivo Y72 cho pháp bạn quay video ở phân giải FullHD, hỗ trợ khả năng ổn định hình nhờ cân bằng điện tử EIS, hỗ trợ HDR trong quá trình quay video.<br><br>'),
(61, 0, 10, 'admin/images/sp/vivoy22.jpeg', 'vivo Y22S 4GB', 5290000, 4790000, NULL, '<ul>\r\n<li>Mới, đầy đủ phụ kiện từ nhà sản xuất.</li>\r\n<li>Bảo hành 12 tháng tại trung tâm bảo hành Chính hãng.</li>\r\n<li>1 đổi 1 trong 30 ngày nếu có lỗi phần cứng từ nhà sản xuất.</li>\r\n<li>Giá sản phẩm đã bao gồm VAT.</li>\r\n</ul>', '<ul>\r\n<li>Kích thước màn hình: 6.55 inches</li>\r\n<li>Công nghệ màn hình: IPS LCD</li>\r\n<li>Dung lượng RAM: 12 GB</li>\r\n<li>Bộ nhớ trong: 128 GB</li>\r\n<li>Pin: 5000 mAh.</li>\r\n</ul>', 'Nếu bạn đang tìm kiếm dòng smartphone thuộc phân khúc tầm trung có khả năng chơi game tốt, lướt web mượt thì Vivo Y22s không chỉ sở hữu những ưu điểm đó mà còn đi kèm cả viên pin lớn giúp các tác vụ khi thao tác hay sử dụng cũng không lo sợ bị hết pin giữa chừng, Ngoài ra, dòng Y22s này còn được đánh giá rất cao về các hiệu năng camera và con chip được nâng cấp. Hơn nữa, dung lượng RAM và bộ nhớ cao giúp bạn thoải mái sử dụng mà không cảm thấy lo lắng về dung lượng nữa đó. '),
(62, 3, 10, 'admin/images/sp/vivot1x.jpg', 'vivo T1X 8GB', 4890000, 3890000, NULL, '<ul>\r\n<li>Mới, đầy đủ phụ kiện từ nhà sản xuất.</li>\r\n<li>Bảo hành 12 tháng tại trung tâm bảo hành Chính hãng.</li>\r\n<li>1 đổi 1 trong 30 ngày nếu có lỗi phần cứng từ nhà sản xuất.</li>\r\n<li>Giá sản phẩm đã bao gồm VAT.</li>\r\n</ul>', '<ul>\r\n<li>Kích thước màn hình: 6.8 inches</li>\r\n<li>Công nghệ màn hình: Dynamic AMOLED 2X</li>\r\n<li>Dung lượng RAM: 8 GB</li>\r\n<li>Bộ nhớ trong: 128 GB</li>\r\n<li>Pin: 5000 mAh.</li>\r\n</ul>', 'Vivo T1X sở hữu mặt lưng bóng bẩy đi kèm trọng lượng mỏng nhẹ. Hơn nữa, với độ dày khoảng 8mm, đây chính là phiên bản điện thoại tầm trung sở hữu khá nhiều ưu điểm và tính năng mạnh bạn có thể cân nhắc lựa chọn. Ngoài ra Vivo T1X còn được trang bị viên pin sạc nhanh giúp bạn có thể thoải mái sử dụng trong một ngày dài. Hơn nữa Vivo T1X còn có khá nhiều phiên bản Ram và GB khác nhau giúp bạn thoải mái lựa chọn. \r\n\r\n'),
(63, 3, 11, 'admin/images/sp/oppoa78.png', 'OPPO A78 4G', 6990000, 6490000, NULL, '<ul>\r\n<li>Mới, đầy đủ phụ kiện từ nhà sản xuất.</li>\r\n<li>Bảo hành 12 tháng tại trung tâm bảo hành Chính hãng.</li>\r\n<li>1 đổi 1 trong 30 ngày nếu có lỗi phần cứng từ nhà sản xuất.</li>\r\n<li>Giá sản phẩm đã bao gồm VAT.</li>\r\n</ul>', '<ul>\r\n<li>Kích thước màn hình: 6.4 inches</li>\r\n<li>Công nghệ màn hình: AMOLED</li>\r\n<li>Dung lượng RAM: 8 GB</li>\r\n<li>Bộ nhớ trong: 256 GB</li>\r\n<li>Pin: 5000 mAh.</li>\r\n</ul>', '<h5>OPPO A78 - Camera AI hàng đầu, thiết kế thời thượng</h5>\r\nVề khả năng quay video, chụp hình, OPPO A78 vẫn là mẫu điện thoại được đánh giá nằm trong top đầu phân khúc tầm trung. Điều này có được là bởi OPPO đã rất chịu chi để trang bị cho chiếc A78 cụm camera sau 50MP AI cùng camera macro 2MP. Khả năng xử lý hình ảnh trên A78 đã trở nên tốt hơn, từ đó cho ra những bức ảnh chuyên nghiệp mà ít tốn công sức chỉnh sửa. Không chỉ vậy, công nghệ thông minh trên thiết bị có thể ghép được nhiều ảnh chụp lại với nhau để tạo ra ảnh chất lượng 108MP siêu sắc nét và chi tiết đáng kinh ngạc. Ngoài việc cung cấp các bức hình đủ sáng có độ chi tiết cao, màu sắc tươi sáng thì khả năng chụp hình ở điều kiện thiếu sáng của A78 cũng đã được cải thiện hơn.<br><br>\r\n\r\n<h5>Thiết kế trẻ trung, bắt mắt với mặt lưng đặc trưng</h5>\r\nSo với phiên bản tiền nhiệm gần đây nhất là A77s, OPPO A78 đã có một sự lột xác hoàn toàn về ngoại hình. Điện thoại A78 đã được OPPO tân trang để trở nên trẻ trung, hiện đại và bắt mắt hơn. Máy vẫn sẽ sở hữu mặt trước với màn hình giọt nước cùng hai cạnh bezel được làm mỏng hơn trông thấy. Điểm nhấn trong thiết kế của OPPO A78 chính là phần mặt lưng. Mặt lưng màu xanh ngọc với thiết kế Oppo Glow đặc trưng nhằm mang đến trải nghiệm thị giác thú vị. Màu đen mặt lưng sẽ là nhám mờ cho khả năng cầm nắm chắc tay và hạn chế vân tay bám vào.<br><br>\r\n\r\n<h5>Hiệu năng mạnh mẽ với chipset Qualcomm Snapdragon 680</h5>\r\nNgoài thiết kế thì hiệu năng có lẽ là điểm thay đổi lớn tiếp theo trên chiếc điện thoại OPPO A78. Nhờ việc nâng cấp từ con chip Qualcomm Snapdragon 680, OPPO A78 có khả năng hỗ trợ kết nối mạng 4G với nhiều băng tần tương tự như các sản phẩm thuộc phân khúc tầm trung và giá rẻ khác. Theo Geekbench, điểm hiệu năng của sản phẩm đạt 411 điểm lõi đơn và 1.292 điểm với bài kiểm tra đa lõi.<br><br>\r\n\r\nVới con chip này, người dùng có thể chơi mượt các tựa game như: PUBG Mobile, Shadowgun Legends, Bang Bang, Call of Duty Mobile,... '),
(64, 0, 11, 'admin/images/sp/opporeno7.png', 'OPPO Reno7 Z', 9990000, 7000000, NULL, '<ul>\r\n<li>Mới, đầy đủ phụ kiện từ nhà sản xuất.</li>\r\n<li>Bảo hành 12 tháng tại trung tâm bảo hành Chính hãng.</li>\r\n<li>1 đổi 1 trong 30 ngày nếu có lỗi phần cứng từ nhà sản xuất.</li>\r\n<li>Giá sản phẩm đã bao gồm VAT.</li>\r\n</ul>', '<ul>\r\n<li>Kích thước màn hình: 6.43 inches</li>\r\n<li>Công nghệ màn hình: AMOLED</li>\r\n<li>Dung lượng RAM: 8 GB</li>\r\n<li>Bộ nhớ trong: 128 GB</li>\r\n<li>Pin: 4500 mAh.</li>\r\n</ul>', '<h5>Thiết kế OPPO Reno7 Z ấn tượng cuốn hút đa góc cạnh</h5>\r\nĐiện thoại OPPO Reno 7Z 5G được ra mắt thuộc dòng Reno7 series mới đây của hãng OPPO. Vì thuộc cùng \"họ hàng\" Reno7, nên máy có ngoại hình khá giống với Reno 7 (bản Trung Quốc) trước đó, với khung viền vuông dát phẳng cùng thân hình vừa tay cầm giúp làm nên chất lượng toàn bộ thân máy. Và chất liệu nguyên khối làm nên khung viền máy cũng góp phần gia tăng độ bền cho sản phẩm.<br><br>\r\n\r\n<h5>Màn hình AMOLED Full HD Plus cực nét</h5>\r\nĐiện thoại OPPO Reno7 Z 5G mang đến cho bạn khung ảnh giải trí chất lượng cao với màn hình 6.43 inch công nghệ AMOLED. Màn hình có thiết kế gần như trọn mặt trước cùng nốt chấm ở góc trái màn hình, với vị trí chấm này là nơi hiện diện của camera selfie trên máy. Đáng chú ý là viền bezel và cằm màn hình đã được thu gọn hơn so với mẫu Reno 7 thường, qua đó giúp mở rộng tỷ lệ hiển thị và tạo hình ảnh thêm sống động.<br><br>\r\n\r\n<h5>Camera làm đẹp chuyên nghiệp khẳng định chất ảnh</h5>\r\nTiếp tục duy trì chất lượng ảnh chụp hiện đại từ đời Reno7, điện thoại OPPO Reno7 Z 5G sở hữu hệ thống ba camera sau và một camera selfie độ phân giải cao đáp ứng mọi nhu cầu nhiếp ảnh và sáng tạo nội dung. Thực tế, hệ thống camera trên Reno 7Z nói riêng và cả dòng Reno 7 nói chung đều được đánh giá cao bởi chất lượng ảnh chụp mà chiếc máy mang đến.<br><br>'),
(65, 0, 11, 'admin/images/sp/oppoa55.jpg', 'OPPO A55', 3690000, 3000000, NULL, '<ul>\r\n<li>Mới, đầy đủ phụ kiện từ nhà sản xuất.</li>\r\n<li>Bảo hành 12 tháng tại trung tâm bảo hành Chính hãng.</li>\r\n<li>1 đổi 1 trong 30 ngày nếu có lỗi phần cứng từ nhà sản xuất.</li>\r\n<li>Giá sản phẩm đã bao gồm VAT.</li>\r\n</ul>', '<ul>\r\n<li>Kích thước màn hình: 6.8 inches</li>\r\n<li>Công nghệ màn hình: Dynamic AMOLED 2X</li>\r\n<li>Dung lượng RAM: 12 GB</li>\r\n<li>Bộ nhớ trong: 128 GB</li>\r\n<li>Pin: 5000 mAh.</li>\r\n</ul>', '<h5>Lớp “áo” trẻ trung và mãn nhãn</h5>\r\nLớp “áo” trẻ trung và mãn nhãn\r\nLà sản phẩm đánh vào phân khúc người dùng trẻ, OPPO A55 được đầu tư rất nhiều về vẻ bề ngoài. Mẫu điện thoại này được thiết kế dạng cong 3D để có thể trở nên vừa vặn trong tay của bất kỳ ai. Từ đó mang tới các thao tác sử dụng thoải mái nhưng vẫn vô cùng chắc chắn. Các góc, cạnh trên điện thoại được làm cong để tạo sự thoải mái, không gây cấn tay khi cầm nắm. Nút nguồn tích hợp cảm biến vân tay sẽ được ở cạnh bên thay vì đi theo thiết kế cảm biến vân tay ở mặt lưng như trước đây. Thiết kế này không chỉ mang tới tính thẩm mỹ cao hơn mà còn đồng thời tạo sự tiện lợi cho người dùng.<br><br>\r\n\r\n<h5>Tỷ lệ hiển thị cao hơn mang tới khả năng giải trí tốt hơn</h5>\r\nMàn hình của OPPO A55 sẽ sử dụng tấm nền IPS LCD có thiết kế đục lỗ, kích thước 6,51 inch cùng độ phân giải ở mức HD+. Tuy nhiên, nhờ phần notch được đặt ở góc trái màn hình và viền bezel ở hai bên được làm mỏng đi mà tỷ lệ hiển thị của OPPO A55 sẽ tăng lên, ở mức 89,2%, để tạo ra một không gian giải trí đã mắt hơn.<br><br>\r\nNhờ được trang bị tấm nền IPS mà OPPO A55 vẫn sẽ có khả năng hiển thị các chi tiết rõ nét cũng như tái tạo màu sắc một cách hài hoà. Độ sáng màn hình tối đa tới 550 nits tuy không quá cao nhưng với khả năng tự cân chỉnh ánh sáng, OPPO A55 vẫn có thể hiển thị rõ nét ở trong bóng râm cũng như dưới ánh mặt trời.<br><br>\r\n\r\n<h5>Hiệu năng ổn định với chip Helio G35</h5>\r\nNhờ được trang bị vi xử lý Helio G35 của MediaTek mà hiệu năng của OPPO A55 vẫn được đánh giá ở mức cực ổn, đặc biệt là với trải nghiệm chơi game. Bởi đây là con chip 8 nhân được Helio tập trung tối ưu khả năng chơi game trong phân khúc giá rẻ. <br><br>\r\nChính vì vậy sẽ không có gì ngạc nhiên khi một mẫu máy giá rẻ như OPPO A55 có thể chơi các tựa như Liên Quân Mobile, Free Fire, Call of Duty Mobile,... một cách mượt mà, với chất lượng đồ hoạ ở mức trung bình tốt. Khi kiểm tra độ ổn định của máy với tựa game Liên Quân Mobile, fps trung bình của OPPO A55 luôn trong khoảng từ 55 - 60fps.'),
(66, 0, 12, 'admin/images/sp/xiaomi13.png', 'Xiaomi 13', 22990000, 18490000, NULL, '<ul>\r\n<li>Mới, đầy đủ phụ kiện từ nhà sản xuất.</li>\r\n<li>Bảo hành 12 tháng tại trung tâm bảo hành Chính hãng.</li>\r\n<li>1 đổi 1 trong 30 ngày nếu có lỗi phần cứng từ nhà sản xuất.</li>\r\n<li>Giá sản phẩm đã bao gồm VAT.</li>\r\n</ul>', '<ul>\r\n<li>Kích thước màn hình: 6.36 inches</li>\r\n<li>Công nghệ màn hình: AMOLED</li>\r\n<li>Dung lượng RAM: 8 GB</li>\r\n<li>Bộ nhớ trong: 256 GB</li>\r\n<li>Pin: 4500 mAh.</li>\r\n</ul>', '<h5>Vì sao nên mua Xiaomi 13 Bảo hành chính hãng?</h5>\r\nViệc mua Xiaomi 13 5G bảo hành chính hãng là một trong những lựa chọn an toàn, đảm bảo và mang lại độ yên tâm khi sử dụng nhất cho người dùng. Dưới đây là những lý do mà bạn không nên bỏ lỡ các sản phẩm chính hãng:\r\n<ul>\r\n<li>Độ tin cậy: Với điện thoại Xiaomi 13 bảo hành chính hãng bạn sẽ được kiểm tra kỹ lưỡng trước khi xuất xưởng. Điều này giúp tránh được việc mua phải hàng giả, hàng nhái hoặc hàng đã qua sửa chữa không đạt chất lượng.</li>\r\n<li>Thời gian bảo hành dài hạn: Thời gian bảo hành của các sản phẩm chính hãng thường dài hơn so với sản phẩm không chính hãng hoặc hàng xách tay. Khi có sự cố xảy ra trong thời gian bảo hành, bạn có thể sửa chữa hoặc thay thế bởi hãng hoặc trung tâm bảo hành ủy quyền chính hãng.</li>\r\n<li>Dịch vụ chăm sóc khách hàng tốt: Điện thoại chính hãng thường có một dịch vụ chăm sóc khách hàng tốt hơn. Bạn có thể dễ dàng liên hệ để được tư vấn, hỗ trợ kỹ thuật hoặc giải đáp các câu hỏi về sản phẩm. Điều này giúp cho việc mua hàng cũng như trải nghiệm và sử dụng điện thoại tốt hơn.</li>\r\n<li>Chất lượng và hiệu suất tốt hơn: Điện thoại Xiaomi 13 5g bảo hành chính hãng thường được sản xuất với các tiêu chuẩn chất lượng cao và các quy trình kiểm tra nghiêm ngặt. Điều này đảm bảo rằng bạn nhận được một sản phẩm đáng tin cậy và có hiệu suất tốt, từ cấu hình phần cứng đến phần mềm.</li>\r\n<li>Giá trị bảo vệ đầu tư: Đặc biệt hơn nữa, khi mua điện thoại Xiaimi 13 chính hãng giúp bảo vệ đầu tư của bạn. Trong trường hợp bạn gặp vấn đề với sản phẩm, bạn có thể yên tâm rằng sẽ được hỗ trợ sửa chữa hoặc thay thế. Điều này giúp tăng giá trị sử dụng của điện thoại và đảm bảo bạn không phải mua một sản phẩm mới nếu có sự cố xảy ra.</li>\r\n</ul>'),
(67, 4, 12, 'admin/images/sp/xiaomipocox5.jpg', 'Xiaomi POCO X5 Pro', 8690000, 7390000, NULL, '<ul>\r\n<li>Mới, đầy đủ phụ kiện từ nhà sản xuất.</li>\r\n<li>Bảo hành 12 tháng tại trung tâm bảo hành Chính hãng.</li>\r\n<li>1 đổi 1 trong 30 ngày nếu có lỗi phần cứng từ nhà sản xuất.</li>\r\n<li>Giá sản phẩm đã bao gồm VAT.</li>\r\n</ul>', '<ul>\r\n<li>Kích thước màn hình: 6.67 inches</li>\r\n<li>Công nghệ màn hình: AMOLED</li>\r\n<li>Dung lượng RAM: 8 GB</li>\r\n<li>Bộ nhớ trong: 256 GB</li>\r\n<li>Pin: 5000 mAh.</li>\r\n</ul>', '<h5>Chip Snapdragon 695</h5>\r\nSnapdragon 695 5G là bộ vi xử lý dành cho các thiết bị di động gồm 8 nhân có 2 nhân hiệu năng cao và 6 nhân tiết kiệm điện, được đặt tên là Kyro 660 Gold (Cortex-A78) và Kyro 660 Silver (Cortex-A55) với tần số xung nhịp lần lượt là 2,2 GHz và 1,7 GHz.<br><br>\r\n\r\n<h5>Màn AMOLED 120Hz</h5>\r\nTấm nền màn hình của X5 5G là AMOLED được cung cấp bởi Samsung, độ phân giải cao 1080 x 2400px kèm độ sáng peak lên tới 1200 nit. Độ tương phản cao 45 triệu/1, gam màu rộng 100% DIC-P3 mang đến cho người dùng trải nghiệm sống động, màu sắc tươi sáng, chân thực về hình ảnh.\r\n\r\n<h5>Pin 5000 mAh</h5>\r\nVới viên pin 5000mAh giúp máy trụ được 192 giờ nghe nhạc, 21 giờ xem video, 12 giờ quay phim và 20 giờ nghe gọi liên tục. Qua đó, nếu sử dụng các tác vụ hỗ hơn bản có thể hoàn toàn sở dụng tốt trong khoảng 1-2 ngày chỉ với lần sạc đầy.'),
(68, 0, 12, 'admin/images/sp/redmia1.jpg', 'Redmi A1', 2190000, 1690000, NULL, '<ul>\r\n<li>Mới, đầy đủ phụ kiện từ nhà sản xuất.</li>\r\n<li>Bảo hành 12 tháng tại trung tâm bảo hành Chính hãng.</li>\r\n<li>1 đổi 1 trong 30 ngày nếu có lỗi phần cứng từ nhà sản xuất.</li>\r\n<li>Giá sản phẩm đã bao gồm VAT.</li>\r\n</ul>', '<ul>\r\n<li>Kích thước màn hình: 6.52 inches</li>\r\n<li>Công nghệ màn hình: IPS LCD</li>\r\n<li>Dung lượng RAM: 2 GB</li>\r\n<li>Bộ nhớ trong: 32 GB</li>\r\n<li>Pin: 5000 mAh.</li>\r\n</ul>', '<h5>Redmi A1 - Smartphone giá rẻ đáp ứng đầy đủ nhu cầu sử dụng cơ bản</h5>\r\nĐiện thoại Redmi A1 nằm trong phân khúc giá bình dân của thương hiệu Xiaomi. Chiếc smartphone này gây bất ngờ với người tiêu dùng trên toàn thế giới khi không sử dụng giao diện MIUI thường thấy trên những chiếc điện thoại của hãng Xiaomi. Bên cạnh đó sản phẩm còn gây sự chú ý lớn bởi giá bán khởi điểm rất thấp.<br><br>\r\n\r\n<h5>Trải nghiệm giải trí tuyệt vời với màn hình kích thước lớn</h5>\r\nVới độ phân giải HD+ đủ dùng, nhưng thiết bị vẫn mang đến nhiều trải nghiệm giải trí đỉnh cao với kích thước màn hình lớn 6.52 inch. Hơn nữa tỷ lệ hiển thị hình ảnh còn được tối ưu khi Xiaomi thiết kế các viền bezel mỏng đảm bảo tỷ lệ giữa màn hình và thân máy là 88.89%.<br><br>\r\n\r\nMột điểm nổi bật khác trên thiết bị phải kể đến chính là độ sáng màn hình đạt đến 400nits. Nhờ vào đây, người dùng có thể sử dụng điện thoại để xem tin nhắn, lướt web, nhắn tin dù dưới ánh nắng trực tiếp.<br><br>\r\n\r\n<h5>Xiaomi Redmi A1 có hiệu năng ổn định cùng giao diện màn hình thân thiện</h5>\r\nGiao diện MIUI đã từng là đặc điểm nhận dạng của Xiaomi và là giao diện được nhiều người dùng đánh giá cao nhất hiện nay. Tuy nhiên với dòng sản phẩm mới này, Xiaomi đã đi ngược lại truyền thống khi sử dụng một giao diện đơn giản hơn vì Xiaomi hướng đến phục vụ những khách hàng có nhu cầu sử dụng cơ bản.<br><br>');

-- --------------------------------------------------------

--
-- Table structure for table `tbl_su_kien`
--

CREATE TABLE `tbl_su_kien` (
  `su_kien_id` int(11) NOT NULL,
  `tieu_de` varchar(500) DEFAULT NULL,
  `anh` varchar(1000) DEFAULT NULL
) ENGINE=InnoDB DEFAULT CHARSET=utf8 COLLATE=utf8_unicode_ci;

--
-- Dumping data for table `tbl_su_kien`
--

INSERT INTO `tbl_su_kien` (`su_kien_id`, `tieu_de`, `anh`) VALUES
(18, '', 'admin/images/even2.jpg'),
(19, 'SINH NHẬT PHONEPLUS!!', 'admin/images/even3.jpg');

-- --------------------------------------------------------

--
-- Table structure for table `tbl_tin_tuc`
--

CREATE TABLE `tbl_tin_tuc` (
  `tin_tuc_id` int(100) NOT NULL,
  `tieu_de` varchar(500) NOT NULL,
  `ngay_dang` timestamp NULL DEFAULT current_timestamp(),
  `anh_minh_hoa` varchar(1000) DEFAULT NULL,
  `mo_ta` text NOT NULL,
  `noi_dung` text DEFAULT NULL
) ENGINE=InnoDB DEFAULT CHARSET=utf8 COLLATE=utf8_unicode_ci;

--
-- Dumping data for table `tbl_tin_tuc`
--

INSERT INTO `tbl_tin_tuc` (`tin_tuc_id`, `tieu_de`, `ngay_dang`, `anh_minh_hoa`, `mo_ta`, `noi_dung`) VALUES
(1, ' \r\nTop smartphone có thiết kế đẹp, màu sắc bắt mắt, camera sắc nét dưới 10tr cho học sinh, sinh viên', '2023-08-21 11:48:48', 'images/tin1.jpeg', 'Tại phân khúc smartphone giá dưới 10 triệu, các bạn học sinh, sinh viên có thể tham khảo và lựa chọn những dòng sản phẩm có thiết kế đẹp, cấu hình tốt và camera chụp ảnh sắc nét dưới đây nhé!', '<html><head></head><body><div class=\"elementor-column-wrap elementor-element-populated elementor-element-populated-pad\" style=\"transform: none;\">\r\n    <div class=\"elementor-widget-wrap elementor-widget-wrap-pad\" style=\"transform: none;\">\r\n        <div class=\"elementor-element elementor-element-3d1d4533 elementor-widget elementor-widget-shortcode elementor-element elementor-element\" data-id=\"3d1d4533\" data-element_type=\"widget\" data-widget_type=\"shortcode.default\">\r\n            <div class=\"elementor-widget-container category-title-label\">\r\n                <div class=\"elementor-shortcode\">\r\n                    <div class=\"sf-post-category\">\r\n                                                                                                                                                                                                                                                                                                                                                                                                                                                                                            \r\n                                                                                                                                                                                                            </div>\r\n                </div>\r\n            </div>\r\n        </div>\r\n        <div class=\"elementor-element elementor-element-5bf379a8 elementor-widget elementor-widget-theme-post-title elementor-page-title elementor-widget-heading\" data-id=\"5bf379a8\" data-element_type=\"widget\" data-widget_type=\"theme-post-title.default\">\r\n            <div class=\"elementor-widget-container elementor-widget-container-title_post\">\r\n                <h1 class=\" elementor-size-default elementor-heading-title-post pt-20\">Top smartphone có thiết kế đẹp, màu sắc bắt mắt, camera sắc nét dưới 10tr cho học sinh, sinh viên</h1>\r\n            </div>\r\n        </div>\r\n        <div class=\"elementor-element elementor-widget elementor-widget-jnews_post_meta_elementor\" data-element_type=\"widget\" data-widget_type=\"jnews_post_meta_elementor.default\">\r\n            <div class=\"elementor-widget-container elementor-widget-container-author_post\">\r\n                <div class=\"jeg_post_meta jeg_custom_meta_wrapper\">\r\n                    <div class=\"meta_left\">\r\n                        \r\n                        \r\n                    </div>\r\n                    <div class=\"meta_right\"></div>\r\n                </div>\r\n            </div>\r\n\r\n        </div>\r\n        <div class=\"elementor-element elementor-element-a71c803 elementor-widget elementor-widget-jnews_post_content_elementor\" data-id=\"a71c803\" data-element_type=\"widget\" data-widget_type=\"jnews_post_content_elementor.default\" style=\"transform: none;\">\r\n            <div class=\"content-description-details\" style=\"transform: none;\">\r\n                <div class=\"jeg_custom_content_wrapper\" style=\"transform: none;\">\r\n                    <div class=\"entry-content no-share\" style=\"transform: none;\">\r\n                        <div class=\"jeg_share_button share-float jeg_sticky_share clearfix share-normal\" style=\"position: relative; overflow: visible; box-sizing: border-box; min-height: 1px;\">\r\n                            <div class=\"jegStickyHolder\">\r\n                                <div class=\"theiaStickySidebar\" style=\"padding-top: 0px; padding-bottom: 1px; position: static;\"></div>\r\n                            </div>\r\n                        </div>\r\n                                                                                    <div class=\"content-inner\" style=\"text-align: justify;\">\r\n                            <strong>Tại phân khúc smartphone giá dưới 10 triệu, các bạn học sinh, sinh viên có thể tham khảo và lựa chọn những dòng sản phẩm có thiết kế đẹp, cấu hình tốt và camera chụp ảnh sắc nét dưới đây nhé!</strong><p></p>\r\n<h2 id=\"<a title=\'vivo\' href=\'https://cellphones.com.vn/mobile/vivo.html\'>vivo</a>-t1-5g\"><span style=\"font-size: 18pt;\"><strong>Vivo T1 5G</strong></span></h2><p></p>\r\nĐây là smartphone chủ lực của Vivo ở phân khúc tầm trung hiện nay. Điện thoại này sở hữu thiết kế sang trọng cùng nhiều công nghệ thông minh, hứa hẹn mang lại trải nghiệm sử dụng vượt trội cho người dùng.<p></p>\r\n<img class=\"aligncenter\" src=\"https://cdn.sforum.vn/sforum/wp-content/uploads/2022/05/vivo-t1-series-ra-mat-4.jpg\"><p></p>\r\nCụ thể hơn, được trang bị một thiết kế động cơ Turbo với những đường cong 3D sang trọng cùng khả năng cầm nắm chắc chắn. Phía sau máy là thiết kế hai cụm camera tròn lớn gây ấn tượng như những động cơ máy bay mạnh mẽ. Vivo T1 5G có trọng lượng nhẹ chỉ khoảng 180g cùng độ dày chưa đến 9mm nên cho cảm giác cầm nắm, sử dụng máy bằng một tay khá thoải mái.<p></p>\r\nỞ mặt trước, Vivo T1 5G sở hữu màn hình AMOLED với kích thước 6.44 inch, có độ sáng cao 1,300 nit cùng tần số làm mới 90Hz mang lại chuyển động mượt mà và ổn định. Màn hình của máy được trang bị 100% gam màu DCI-P3 nhờ đó thiết bị có thể hiển thị hình ảnh một cách sống động.<p></p>\r\nBên trong, Vivo T1 5G được cung cấp sức mạnh đến từ con chip Snapdragon 778G mạnh mẽ, đi kèm dung lượng RAM 8GB, hỗ trợ mở rộng RAM ảo 4GB và người dùng sẽ có 128GB bộ nhớ trong để lưu trữ dữ liệu. Khả năng nhiếp ảnh của smartphone này cũng khá hứa hẹn với hệ thống 3 camera, bao gồm cảm biến chính 64MP, đi kèm ống kính 8MP cho góc chụp siêu rộng và camera macro 2MP.<p></p>\r\nVivo T1 5G có pin 4,700 mAh với hỗ trợ sạc nhanh 66W ấn tượng.<p></p>\r\n<p></p>\r\n<h2 id=\"galaxy-a73-5g\"><span style=\"font-size: 18pt;\"><strong>Galaxy A73 5G</strong></span></h2><p></p>\r\nGalaxy A73 5G hiện đang là model cao cấp nhất của dòng Galaxy A 2022 cửa Samsung. Smartphone này gây ấn tượng mạnh mẽ với người dùng ​​nhờ sở hữu vẻ ngoài sang trọng và tinh tế, đi kèm 3 phiên bản màu sắc Xám, Xanh, Trắng.<p></p>\r\n<img class=\"aligncenter\" src=\"https://cdn.sforum.vn/sforum/wp-content/uploads/2022/07/samsung-galaxy-a73-4-1.jpg\"><p></p>\r\nĐiện thoại không chỉ có khả năng kết nối 5G mà còn gây ấn tượng với màn hình cảm ứng Super AMOLED với kích thước rất lớn lên đến 6.7 inch với độ phân giải Full-HD+ cùng tần số quét được nâng cấp lên thành 120Hz – tức tương đương các mẫu flagship ngày nay.<p></p>\r\nVề hiệu năng, nhờ vào chip xử lý Snapdragon 778G mà Galaxy A73 5G có thể hoạt động một cách mượt mà, đảm nhiệm nhiều tác vụ cùng lúc, từ nhẹ đến nặng một cách thoải mái và trơn tru. Bộ xử lý đồ họa GPU Adreno được trang bị giúp cấu hình thêm mạnh mẽ. Điện thoại này còn sở hữu viên pin lớn 5,000 mAh với hỗ trợ sạc nhanh 25W, camera 108MP chất lượng hỗ trợ công nghệ chống rung quang học OIS và máy ảnh selfie 32MP chất lượng.<p></p>\r\n<p></p>\r\n<h2 id=\"<a title=\'oppo\' href=\'https://cellphones.com.vn/mobile/oppo.html\'>oppo</a>-reno8-4g\"><span style=\"font-size: 18pt;\"><strong>OPPO Reno8 4G</strong></span></h2><p></p>\r\nĐây là một trong ba mẫu điện thoại tầm trung chất lượng vừa được OPPO giới thiệu cho người dùng Việt Nam cách đây không lâu. Điện thoại này sở hữu thiết kế cạnh phẳng giống như dòng <a title=\"iPhone\" href=\"https://cellphones.com.vn/mobile/apple.html\">iPhone</a> 12 của Apple và mặt lưng đi kèm nhiều tùy chọn màu bắt mắt.<p></p>\r\n<img class=\"aligncenter\" src=\"https://cdn.sforum.vn/sforum/wp-content/uploads/2022/08/oppo-reno8-4g-29.jpg\"><p></p>\r\nỞ mặt trước, Reno8 4G được trang bị màn hình AMOLED với kích thước 6.4 inch, độ phân giải Full-HD+, tần số quét 90Hz mượt mà và sử dụng thiết kế đục lỗ để chứa camera selfie.<p></p>\r\nHiệu năng của OPPO Reno8 4G cũng rất mạnh mẽ, mang tới cho người dùng trải nghiệm chơi game cực “đã” với bộ xử lý Snapdragon 680, RAM 8GB và ROM 256GB. Viên pin dung lượng 4,500 mAh đủ để sử dụng cả ngày. Khả năng sạc nhanh 33W cũng đảm bảo người dùng có trải nghiệm liền mạch.<p></p>\r\nMặt lưng của OPPO Reno8 4G là nơi đặt bộ ba camera bao gồm cảm biến chính có độ phân giải 64MP, camera macro 2MP và cảm biến đo độ sâu 2MP. Ở mặt trước, điện thoại này có máy ảnh selfie 32MP chất lượng để người dùng chụp ảnh “tự sướng” và gọi video call.<p></p>\r\n<p></p>\r\n<h2 id=\"<a title=\'xiaomi\' href=\'https://cellphones.com.vn/mobile/xiaomi.html\'>xiaomi</a>-mi-11-lite-5g\"><span style=\"font-size: 18pt;\"><strong>Xiaomi Mi 11 Lite 5G</strong></span></h2><p></p>\r\nHiện tại, Mi 11 Lite 5G là một trong những chiếc điện thoại tầm trung 5G đáng mua nhất ở thời điểm hiện tại, và hứa hẹn là một người bạn đồng hành đáng tin cậy cho người dùng.<p></p>\r\n<img class=\"aligncenter\" src=\"https://cdn.sforum.vn/sforum/wp-content/uploads/2021/05/Xiaomi-Mi-11-Lite-5g-6-1.jpg\"><p></p>\r\nCụ thể, Mi 11 Lite 5G được nhà sản xuất Xiaomi trang bị màn hình AMOLED cao cấp, có kích thước khá lớn là 6.5 inch, giúp mang tới không gian hiển thị rộng rãi để người dùng lướt web hay giải trí chơi game sau những giờ học căng thẳng. Màn hình này còn hỗ trợ độ phân giải Full-HD+, HDR10+, có tần số quét 90Hz cũng như tốc độ lấy mẫu cảm ứng 240Hz và cũng hỗ trợ Dolby Vision.<p></p>\r\nBên trong, Mi 11 Lite 5G được cung cấp sức mạnh đến từ con chip Snapdragon 780G của Qualcomm, đi kèm dung lượng RAM 8GB và bộ nhớ trong 128GB. Nhờ đó mà hiệu năng chiếc máy này sẽ dư sức sức lý tốt mọi tác vụ hàng ngày của người sử dụng. Chưa hết, Xiaomi còn tích hợp viên pin 4,250 mAh cho Mi 11 Lite 5G, hứa hẹn đáp ứng tốt 1 ngày dài sử dụng với cường độ cao. Điện thoại này đi kèm cụm 3 camera chính ở mặt lưng với thiết kế giống Mi 11, bao gồm camera chính 64MP, camera góc siêu rộng 8MP và camera macro 5MP. Máy có thêm camera selfie 20MP ở mặt trước.<p></p>\r\n<p></p>\r\n<hr><p></p>\r\n\r\n                        </div>\r\n                    </div>\r\n                </div>\r\n            </div>\r\n        </div>\r\n        \r\n        \r\n        \r\n        \r\n                                                    <div class=\"elementor-element elementor-element-84520bc elementor-widget elementor-widget-jnews_element_ads_elementor\" data-id=\"84520bc\" data-element_type=\"widget\" data-widget_type=\"jnews_element_ads_elementor.default\">\r\n            <div class=\"elementor-widget-container\">\r\n                                                                    </div>\r\n        </div>\r\n\r\n                                                    \r\n\r\n        \r\n    </div>\r\n</div></body></html>'),
(2, 'Các mẫu smartphone của Samsung sẽ có điều gì mới mẻ trong năm 2023?', '2023-08-21 12:10:28', 'images/tin2.jpg', 'Theo chuyên viên phân tích công nghệ Philip Michaels, Samsung có thể nhìn lại một năm vừa qua với mức độ hài lòng nhất định. Các thiết bị như Galaxy S22 Ultra được xếp vào hàng những mẫu smartphone tốt nhất ra mắt trong năm 2022, giúp \"ông lớn\" Hàn Quốc tiếp tục chiếm thị phần lớn nhất trên thị trường điện thoại thông minh toàn cầu.', '<html><head></head><body><div class=\"entry-content\">\r\n    <div class=\"entry-body\">\r\n        <h2 class=\"sapo\" data-role=\"sapo\" style=\"text-align: justify;\">\r\n            (Tổ Quốc) - Đây là những gì mà người tiêu dùng có thể mong đợi từ các mẫu smartphone của Samsung trong năm mới.\r\n        </h2>\r\n\r\n\r\n        <div data-role=\"content\"  style=\"text-align: justify;\">\r\n            <p>Theo chuyên viên phân tích công nghệ Philip Michaels, Samsung có thể nhìn lại một năm vừa qua với mức độ hài lòng nhất định. Các thiết bị như Galaxy S22 Ultra được xếp vào hàng những mẫu smartphone tốt nhất ra mắt trong năm 2022, giúp \"ông lớn\" Hàn Quốc tiếp tục chiếm thị phần lớn nhất trên thị trường điện thoại thông minh toàn cầu.</p><p>Trong năm 2023, công ty này sẽ tiếp tục tung ra thị trường các mẫu smartphone mới ở tất cả các phân khúc. Dưới đây là những gì chúng ta có thể mong chờ từ hãng điện thoại nổi tiếng này:</p><p><b>Galaxy S23</b></p><p>Các thông tin đồn đoán về ngày phát hành Samsung Galaxy S23 cho thấy mẫu smartphone này sẽ được ra mắt đầu tháng 2, có thể ngay khi sự kiện Galaxy Unpacked diễn ra ngày 1/2/2023.</p><p>Nếu đúng như vậy, Galaxy S23 series sẽ trở thành dòng smartphone cao cấp đầu tiên được phát hành trong năm 2023, lấn át sự kiện ra mắt ngày 7/2 của OnePlus 11.</p><figure class=\"VCSortableInPreviewMode\" type=\"Photo\" style=\"\"><div><a href=\"https://toquoc.mediacdn.vn/280518851207290880/2022/12/31/1-1672473986679389908089.jpg\" data-fancybox-group=\"img-lightbox\" title=\"Nguồn ảnh: Future\" class=\"detail-img-lightbox\"><img src=\"https://toquoc.mediacdn.vn/thumb_w/640/280518851207290880/2022/12/31/1-1672473986679389908089.jpg\" id=\"img_533557364836429824\" w=\"1200\" h=\"675\" alt=\"Các mẫu smartphone của Samsung sẽ có điều gì mới mẻ trong năm 2023? - Ảnh 1.\" title=\"Các mẫu smartphone của Samsung sẽ có điều gì mới mẻ trong năm 2023? - Ảnh 1.\" rel=\"lightbox\" photoid=\"533557364836429824\" data-original=\"https://toquoc.mediacdn.vn/280518851207290880/2022/12/31/1-1672473986679389908089.jpg\" type=\"photo\" style=\"max-width:100%;\" width=\"\" height=\"\" class=\"lightbox-content\"></a></div><figcaption class=\"PhotoCMS_Caption\"><p data-placeholder=\"[nhập chú thích]\">Nguồn ảnh: Future</p></figcaption></figure><p>Samsung Galaxy S23 Ultra đang được kỳ vọng nhiều nhất, với camera chính trang bị cảm biến 200MP. Người dùng có thể lựa chọn giữa độ phân giải 200MP, 50MP và 12.5 MP cho ảnh chụp, tùy thuộc vào sở thích của họ về độ sáng, màu sắc, và chi tiết. Mẫu smartphone này còn cho phép quay video 8k với tốc độ 30 khung hình/giây.</p><p>Bên canh đó, một số báo cáo cho biết dòng Samsung Galaxy S23 sẽ có màn hình sáng vượt trội so với các mẫu smartphone khác, với độ sáng tối đa lên tới 2.100 nit.</p><p>Cả ba mẫu tiêu chuẩn, Plus và Ultra đều được trang bị chip Snapdragon 8 Gen 2, mang tới những điểm vượt trội so với chip A15 Bionic của iPhone 14.</p><p><b>Galaxy A</b></p><p>Dòng smartphone tầm trung Galaxy A của Samsung đã phát triển đủ mạnh để trở thành lựa chọn thay thế khả thi cho những người dùng không muốn chi quá nhiều tiền để mua smartphone cao cấp. Có thể kể tới Samsung Galaxy A53, một trong những mẫu smartphone giá rẻ nhất ra mắt năm nay.</p><p>Theo lịch phát hành thường niên, các mẫu Galaxy A tiếp theo sẽ ra mắt vào mùa xuân. Một số tin đồn về Galaxy A54 đã bắt đầu xuất hiện, trang web 91Mobiles đã đăng tải hình ảnh được cho là của mẫu smartphone sắp ra mắt (ảnh dưới).</p><figure class=\"VCSortableInPreviewMode\" type=\"Photo\" style=\"\"><div><a href=\"https://toquoc.mediacdn.vn/280518851207290880/2022/12/31/3-16724739869661414033947.jpg\" data-fancybox-group=\"img-lightbox\" title=\"Nguồn ảnh: 91Mobiles\" class=\"detail-img-lightbox\"><img src=\"https://toquoc.mediacdn.vn/thumb_w/640/280518851207290880/2022/12/31/3-16724739869661414033947.jpg\" id=\"img_533557363378900992\" w=\"1200\" h=\"675\" alt=\"Các mẫu smartphone của Samsung sẽ có điều gì mới mẻ trong năm 2023? - Ảnh 2.\" title=\"Các mẫu smartphone của Samsung sẽ có điều gì mới mẻ trong năm 2023? - Ảnh 2.\" rel=\"lightbox\" photoid=\"533557363378900992\" data-original=\"https://toquoc.mediacdn.vn/280518851207290880/2022/12/31/3-16724739869661414033947.jpg\" type=\"photo\" style=\"max-width:100%;\" width=\"\" height=\"\" class=\"lightbox-content\"></a></div><figcaption class=\"PhotoCMS_Caption\"><p data-placeholder=\"[Nhập chú thích ảnh]\" class=\"\">Nguồn ảnh: 91Mobiles</p></figcaption></figure><p>Căn cứ vào những hình ảnh đó thì Galaxy A54 dường như sẽ có các ống kính camera riêng rẽ ở mặt sau, tương tự như kiểu dáng của Galaxy S22 Ultra. Có vẻ như Samsung đang hướng tới một giao diện thống nhất cho cả các mẫu smartphone cao cấp và tầm trung.</p><p>Bên cạnh đó, Galaxy A54 được dự đoán sẽ có màn hình rộng hơn so với A53. Nó còn được trang bị pin lớn hơn và có camera chính 50MP. Các SamFan còn đang hy vọng chip Exynos sẽ mang lại hiệu suất cao hơn cho mẫu smartphone mới này.</p><p><b>Smartphone màn hình gập</b></p><p>Với nửa đầu năm tập trung vào dòng Galaxy S cao cấp, Samsung dự kiến sẽ dành nửa cuối năm để tập trung cho các mẫu smartphone màn hình gập.</p><p>Trong hai năm qua, Samsung đã tung ra các mẫu Galaxy Z Fold và Z Flip vào cuối mùa hè. Giới chuyên gia công nghệ dự đoán \"ông lớn\" Hàn Quốc sẽ tiếp tục mô hình phát hành này trong năm 2023.</p><figure class=\"VCSortableInPreviewMode\" type=\"Photo\" style=\"\"><div><a href=\"https://toquoc.mediacdn.vn/280518851207290880/2022/12/31/4-1672473986955493136959.jpg\" data-fancybox-group=\"img-lightbox\" title=\"Nguồn ảnh: Future\" class=\"detail-img-lightbox\"><img src=\"https://toquoc.mediacdn.vn/thumb_w/640/280518851207290880/2022/12/31/4-1672473986955493136959.jpg\" id=\"img_533557366660857856\" w=\"1200\" h=\"675\" alt=\"Các mẫu smartphone của Samsung sẽ có điều gì mới mẻ trong năm 2023? - Ảnh 3.\" title=\"Các mẫu smartphone của Samsung sẽ có điều gì mới mẻ trong năm 2023? - Ảnh 3.\" rel=\"lightbox\" photoid=\"533557366660857856\" data-original=\"https://toquoc.mediacdn.vn/280518851207290880/2022/12/31/4-1672473986955493136959.jpg\" type=\"photo\" style=\"max-width:100%;\" width=\"\" height=\"\" class=\"lightbox-content\"></a></div><figcaption class=\"PhotoCMS_Caption\"><p data-placeholder=\"[Nhập chú thích ảnh]\" class=\"\">Nguồn ảnh: Future</p></figcaption></figure><p>Hiện có khá ít tin đồn về Galaxy Z Fold 5 và Galaxy Z Flip 5 nhưng một số nguồn tin cho biết Flip 5 sẽ có màn hình ngoài lớn hơn (3 inch) và thiết kế bản lề mới để giúp nếp gấp trên màn hình trở nên tinh tế hơn. Bên cạnh đó, Samsung được cho là sẽ cải thiện thời lượng pin và camera trên dòng Z Fold.</p><p></p><figure class=\"VCSortableInPreviewMode\" type=\"Photo\" style=\"\"><div><a href=\"https://toquoc.mediacdn.vn/280518851207290880/2022/12/31/anh-moi-31200x675-1672474242331-16724742425101122739128.jpg\" data-fancybox-group=\"img-lightbox\" title=\"Ảnh minh họa về Galaxy Z Roll. Nguồn: Nguồn: Samsung Display\" class=\"detail-img-lightbox\"><img src=\"https://toquoc.mediacdn.vn/thumb_w/640/280518851207290880/2022/12/31/anh-moi-31200x675-1672474242331-16724742425101122739128.jpg\" id=\"img_533558432663523328\" w=\"1200\" h=\"675\" alt=\"Các mẫu smartphone của Samsung sẽ có điều gì mới mẻ trong năm 2023? - Ảnh 4.\" title=\"Các mẫu smartphone của Samsung sẽ có điều gì mới mẻ trong năm 2023? - Ảnh 4.\" rel=\"lightbox\" photoid=\"533558432663523328\" data-original=\"https://toquoc.mediacdn.vn/280518851207290880/2022/12/31/anh-moi-31200x675-1672474242331-16724742425101122739128.jpg\" type=\"photo\" style=\"max-width:100%;\" width=\"\" height=\"\" class=\"lightbox-content\"></a></div><figcaption class=\"PhotoCMS_Caption\"><p data-placeholder=\"[Nhập chú thích ảnh]\" class=\"\">Ảnh minh họa về Galaxy Z Roll. Nguồn: Nguồn: Samsung Display</p></figcaption></figure><br><p></p><p>Hãng này còn được kỳ vọng sẽ mở rộng dòng sản phẩm có thể gập lại của mình ngoài hai thiết kế như Galaxy Z Flip và Galaxy Z Fold. Đầu năm 2022, một nguồn tin cho biết Samsung đang nghiên cứu một mẫu smartphone có màn hình… \"cuộn\" được (tạm gọi là Galaxy Z Roll), mặc dù thiết bị đó chưa bao giờ thành hiện thực. Liệu 2023 có thể là năm mẫu smartphone độc đáo này được hình thành hay không?</p><!--Sun Jan 01 2023 07:00:00 GMT+0700 (Giờ Đông Dương) -- Sun Jan 01 2023 07:00:00 GMT+0700 (Giờ Đông Dương) -- Sat Dec 31 2022 15:46:54 GMT+0700 (Giờ Đông Dương)-->\r\n        </div>\r\n\r\n        <div class=\"clearfix\"></div>\r\n        \r\n    </div>\r\n    <div class=\"clearfix\"></div>\r\n    \r\n    <div class=\"clearfix\"></div>\r\n\r\n        \r\n    <div class=\"clearfix\"></div>\r\n    \r\n\r\n\r\n</div></body></html>'),
(3, 'Tổng hợp danh sách các mẫu điện thoại OPPO mới nhất năm 2023', '2023-08-21 12:10:28', 'images/tin3.png', 'Tuy chỉ mới nửa đầu năm 2023 thế nhưng OPPO đã trình làng đến thị trường di động khá nhiều sản phẩm đa dạng và hiện đại. Dưới đây là tổng hợp danh sách các mẫu điện thoại OPPO mới nhất năm 2023 đang nhận về đông đảo sự yêu thích và quan tâm từ người dùng. Cùng xem thông tin chi tiết về sản phẩm trong bài viết dưới đây!\r\n\r\n', '<html><head></head><body><div class=\"content1\"><div class=\"head_exp_ttl\"><h1>Tổng hợp danh sách các mẫu điện thoại OPPO mới nhất năm 2023</h1></div><div class=\"content_article\"><p style=\"text-align:justify\">Tuy chỉ mới nửa đầu năm 2023 thế nhưng OPPO đã trình làng đến thị trường di động khá nhiều sản phẩm đa dạng và hiện đại. Dưới đây là <a>tổng hợp danh sách các mẫu điện thoại OPPO mới nhất năm 2023</a> đang nhận về đông đảo sự yêu thích và quan tâm từ người dùng. Cùng xem thông tin chi tiết về sản phẩm trong bài viết dưới đây!</p><p style=\"text-align:center\"><em>Danh sách các mẫu điện thoại OPPO mới nhất năm 2023</em></p><div class=\"titletab\" id=\"titletab1\"><h2 style=\"text-align:justify\">1. OPPO Reno8 T 4G (8GB + 256GB)</h2></div><p style=\"text-align:justify\">OPPO Reno8 T 4G 8GB 256GB được ra mắt tại thị trường Việt Nam vào đầu năm 2023, thuộc phân khúc tầm trung nên phù hợp với đa dạng đối tượng. Với lối thiết kế trẻ trung cùng cấu hình mạnh mẽ, chiếc điện thoại này trở thành sự lựa chọn sáng giá của người dùng hiện nay.</p><p style=\"text-align:justify\">Điện thoại OPPO Reno8 T 4G có thiết kế tròn trịa từ mặt trước ra đến mặt sau với các góc được bo tròn nhẹ tạo nên vẻ đẹp thanh lịch và tinh tế. Với trọng lượng chỉ 183 gam cùng độ dày 7.85mm, chiếc smartphone này giúp người dùng thoải mái khi cầm nắm và sử dụng trong thời gian dài mà không lo mỏi hay cấn tay.</p><p style=\"text-align:center\"><em>Thiết kế mới lạ đẹp mắt của OPPO Reno8 T 4G</em></p><p style=\"text-align:justify\">Ngoài thiết kế bắt mắt thì chiếc <a>điện thoại OPPO chính hãng</a> này còn sở hữu cấu hình hết sức mạnh mẽ nhờ con chip Helio G99 8 nhân. Dòng chip gaming này sẽ giúp điện thoại có thể hoạt động ổn định trên mọi tác vụ từ cơ bản đến nâng cao.</p><p style=\"text-align:justify\">Phiên bản RAM 8GB và ROM 256GB sẽ giúp người dùng vừa có thể đa nhiệm thoải mái vừa mang đến không gian lưu trữ rộng lớn. OPPO Reno8 T 4G 256GB cung cấp hình ảnh sắc nét và chi tiết với màn hình AMOLED 6.4 inch có độ phân giải Full HD+ (1080 x 2400 Pixels).</p><p style=\"text-align:center\"><em>Màn hình hiển thị chất lượng trên OPPO Reno8 T 4G</em></p><p style=\"text-align:justify\">Ngoài ra, chiếc điện thoại này còn gây ấn tượng với camera chính 100MP và 2 camera phụ 2MP. Thêm vào đó, viên pin 5000mAh còn giúp thiết bị có thể hoạt động xuyên suốt cả ngày dài. Có thể nói, đây chính là chiếc điện thoại mà bạn nên cân nhắc sở hữu.</p><div class=\"titletab\" id=\"titletab2\"><h2 style=\"text-align:justify\">2. OPPO Reno8 T 5G (8GB + 128GB)</h2></div><p style=\"text-align:justify\">OPPO Reno8 T 5G 8GB 128GB là sản phẩm được ra mắt cùng lúc với OPPO Reno8 T 4G vào đầu năm nay. Nhìn sơ qua về thiết kế thì phiên bản 5G này có khá nhiều điểm tương đồng với bản 4G. Điện thoại vẫn sở hữu vẻ ngoài trẻ trung, đẹp mắt với khung viền hợp kim và mặt lưng thuỷ tinh hữu cơ sáng bóng.</p><p style=\"text-align:center\"><em></em></p><p style=\"text-align:center\"><em>OPPO Reno8 T 5G với mặt lưng sáng bóng nổi bật</em></p><p style=\"text-align:justify\">Cấu hình của chiếc điện thoại này đã được nâng cấp hơn so với bản 4G, OPPO Reno8 T 5G có màn hình 6.7 inch với viền siêu mỏng chỉ 1.81mm. Kết hợp với đó là trang bị <a>công nghệ màn hình AMOLED</a>&nbsp;với&nbsp;độ phân giải 1080 x 2412 Pixels giúp hình ảnh hiển thị được sắc nét và rõ ràng trên không gian rộng lớn. Với tần số quét 120Hz hỗ trợ hơn 1 tỷ sắc màu những nội dung hiển thị trên màn hình trở nên mượt mà, sống động và chân thực hơn.</p><p style=\"text-align:justify\">OPPO Reno8 T 5G sở hữu bộ camera sau chất lượng với camera chính 108MP kèm 2 camera phụ 2MP. Cùng với đó là các chế độ, tính năng chụp ảnh chuyên nghiệp giúp hình ảnh chụp được đẹp mắt và nghệ thuật hơn. Điện thoại được trang bị con chip Snapdragon 695 mang đến hiệu năng hoạt động vô cùng mạnh mẽ và ổn định.</p><p style=\"text-align:center\"><em></em></p><p style=\"text-align:center\"><em>Bộ camera OPPO Reno8 T 4G cho trải nghiệm nhiếp ảnh vượt trội</em></p><p style=\"text-align:justify\">Với giá chỉ nhỉnh hơn phiên bản 4G một chút, OPPO Reno8 T 5G giúp người dùng trải nghiệm được nhiều công nghệ hiện đại hơn. So với các sản phẩm cùng phân khúc thì đây chính là chiếc điện thoại vượt trội cả về thiết kế lẫn cấu hình mà bạn nên sở hữu.</p><div class=\"titletab\" id=\"titletab3\"><h2 style=\"text-align:justify\">3. OPPO Find N2 Flip</h2></div><p style=\"text-align:justify\">Tháng 4 năm 2023, OPPO trình làng thị trường di động dòng điện thoại gập mới</p><p style=\"text-align:justify\">OPPO Find N2 Flip nổi bật với thiết kế bản lề giọt nước giúp thiết bị gập bền bỉ và không có nếp gấp. Điện thoại có màn hình phụ với kích thước siêu lớn 3.26 inch cùng nhiều tiện ích giúp người dùng có thể xem thông báo, trả lời tin nhắn, truy cập ứng dụng, … một cách nhanh chóng.</p><p style=\"text-align:center\"><em></em></p><p style=\"text-align:center\"><em>Màn hình phụ siêu lớn với nhiều tiện ích của OPPO Find N2 Flip</em></p><p style=\"text-align:justify\">OPPO cung cấp cho phiên bản điện thoại nắp gập của mình con chip MediaTek Dimensity 9000+. Được biết đây là con chip có hiệu năng xử lý vượt trội trên cả CPU và GPU. Nhờ đó, các tác vụ của người dùng trên thiết bị được xử lý nhanh chóng, chạy mượt mà và ổn định hơn.</p><p style=\"text-align:justify\">Chiếc điện thoại OPPO này sở hữu 2 camera sau gồm camera góc rộng 50MP và camera siêu rộng 8MP, camera selfie có độ phân giải 32MP. Với nhiều chế độ chụp đa dạng như Chế độ FlexForm, <a href=\"https://dienmaycholon.vn/kinh-nghiem-mua-sam/chong-rung-quang-hoc-ois-la-gi-co-che-hoat-dong-nhu-the-nao\" target=\"_blank\" title=\"Chống rung quang học OIS là gì? Cơ chế hoạt động như thế nào?\">chống rung quang học OIS</a> và&nbsp;quay video cổ điển, đa dạng bộ lọc màu, … giúp người dùng trải nghiệm nhiếp ảnh hoàn hảo hơn.</p><p style=\"text-align:center\"><em></em></p><p style=\"text-align:center\"><em>Chụp ảnh tiện lợi hơn với camera trên OPPO Find N2 Flip</em></p><div class=\"titletab\" id=\"titletab4\"><h2 style=\"text-align:justify\">4. OPPO A78 4G</h2></div><p style=\"text-align:justify\">OPPO A78 4G là sản phẩm mới vừa được OPPO trình làng vào đầu tháng 7 này. Điện thoại sở hữu vẻ ngoài trẻ trung, hiện đại với thiết kế mỏng nhẹ giúp người dùng tiện lợi hơn trong quá trình sử dụng. OPPO cung cấp cho chiếc điện thoại mới của mình nhiều trang bị cao cấp như màn hình AMOLED chất lượng với độ phân giải Full HD+ giúp hình ảnh hiển thị sắc nét và sống động như thật.</p><p style=\"text-align:center\"><em></em></p><p style=\"text-align:center\"><em>Thiết kế mặt lưng ấn tượng của OPPO A78 4G</em></p><p style=\"text-align:justify\">Điện thoại có hệ thống 2 camera sau sắc nét gồm camera chính 50MP và camera phụ 2MP, camera selfie mặt trước 8MP. Với cảm biến đã được nâng cấp khả năng xử lý hình ảnh, OPPO A78 4G giúp người dùng có được những bức ảnh nghệ thuật và chất lượng hơn.</p><p style=\"text-align:justify\">Chiếc điện thoại này cũng là một trong số những&nbsp;&nbsp;khi&nbsp;sở hữu con chip Qualcomm Snapdragon 680 với tốc độ xung nhịp tối đa 2.4GHz. Nhờ đó, các tác vụ trên thiết bị được xử lý nhanh chóng, mượt mà và ổn định hơn. Với RAM 8GB và ROM 256GB, điện thoại mang đến không gian lưu trữ thoải mái cho người dùng. Ngoài ra, OPPO A78 4G còn vượt trội với viên pin 5000mAh và sạc nhanh lên đến 67W.</p><p style=\"text-align:center\"><em></em></p><p style=\"text-align:center\"><em>OPPO A78 4G sở hữu hiệu năng hoạt động mạnh mẽ</em></p></div><div class=\"list_product_exp\"><div class=\"products owl-carousel owl-theme\" id=\"list_exp_product_3\" style=\"opacity: 1; display: block;\"> <div class=\"owl-wrapper-outer\"></div>   <div class=\"owl-controls clickable\"><div class=\"owl-buttons\"><div class=\"owl-prev\"></div><div class=\"owl-next\"></div></div></div></div></div><div class=\"notes_contact\"><p><a href=\"tel:19002628\" title=\"Hotline Siêu Thị Điện Máy Chợ Lớn\"> </a></p></div></div></body></html>'),
(4, 'Top 6 điện thoại chụp hình đẹp nhất 2023', '2023-08-21 12:18:15', 'images/tin4.jpg', 'Hiện nay, khả năng nhiếp ảnh của một chiếc điện thoại đã và đang nhận được rất nhiều sự quan tâm của người dùng. Nếu bạn đang tìm kiếm một mẫu điện thoại chụp hình đẹp 2023 thì hãy \'ghé\' qua bài viết này của 24h Công nghệ nha! Với những mẫu smartphone này, hứa hẹn sẽ giúp bạn thoải mái chụp ảnh và lưu giữ những khoảnh khắc đáng nhớ trong cuộc sống đầy thú vị, đặc biệt là ghi lại khoảnh khắc vui vẻ ngày cuối năm chào đón năm mới 2023.', '<html><head></head><body><article>\r\n    <h1 class=\"titledetail\">Hè tới rồi, sắm ngày các mẫu điện thoại chụp ảnh siêu đỉnh này để chụp cả thế giới đi</h1>\r\n    \r\n\r\n\r\n    \r\n<div class=\"imgwrap\"><img alt=\"điện thoại chụp hình đẹp 2023\" data-original=\"https://cdn.tgdd.vn/Files/2021/07/11/1367421/chupdep-010523-152016-800-resize.jpg\" src=\"https://cdn.tgdd.vn/Files/2021/07/11/1367421/chupdep-010523-152016-800-resize.jpg\" title=\"điện thoại chụp hình đẹp 2023\"></div><div class=\"captionnews\">Điện thoại chụp hình đẹp 2023.</div><div style=\"text-align: justify;\">Hiện nay, khả năng nhiếp ảnh của một chiếc điện thoại &nbsp;đã và&nbsp;đang nhận được rất nhiều sự quan tâm của người dùng. Nếu bạn đang tìm kiếm một mẫu&nbsp;&nbsp;thì hãy \'ghé\' qua bài viết này của  nha! Với những mẫu smartphone này, hứa hẹn sẽ giúp bạn thoải mái chụp ảnh và lưu giữ những khoảnh khắc đáng nhớ trong cuộc sống đầy thú vị, đặc biệt là ghi lại khoảnh khắc vui vẻ ngày cuối năm chào đón năm mới 2023.&gt;<p>Mình tin chắc rằng, với những chiếc smartphone này các bạn có thể thoả sức sáng tạo và cho ra đời những bức ảnh đậm chất nghệ thuật mà chỉ riêng bạn mới có thể tạo ra.</p><p><em>*Lưu ý: Danh sách smartphone này được mình sắp xếp ngẫu nhiên nhé!</em></p><h3><strong>1.&nbsp;Điện thoại chụp hình đẹp 2023​ </div></strong><strong> - Samsung Galaxy S23 Ultra 5G</strong></h3><div class=\"captionnews\">Video đánh giá Samsung Galaxy S23 Ultra được thực hiện bởi Thế Giới Di Động.</div><p>Chắc hẳn các bạn phải đồng ý với mình rằng  là một trong những chiếc&nbsp;điện thoại chụp hình đẹp 2023, khi&nbsp;sở hữu cụm camera siêu ấn tượng ở thời điểm hiện tại.</p><div class=\"imgwrap\"><img alt=\"Hệ thống camera của Galaxy S23 Ultra 5G năm này cực kỳ ấn tượng với độ phân giải lên đến 200 MP\" data-original=\"https://cdn.tgdd.vn/Files/2023/03/05/1514876/galaxy-s23-ultra-138-050323-224152-800-resize.jpg\" title=\"Hệ thống camera của Galaxy S23 Ultra 5G năm này cực kỳ ấn tượng với độ phân giải lên đến 200 MP\" class=\" lazyloaded\" src=\"https://cdn.tgdd.vn/Files/2023/03/05/1514876/galaxy-s23-ultra-138-050323-224152-800-resize.jpg\"></div><div class=\"captionnews\">Hệ thống camera của Galaxy S23 Ultra 5G năm nay cực kỳ ấn tượng với độ phân giải lên đến 200 MP.</div><p>Được biết, thiết bị ở hữu hệ thống 4 camera nổi bật ở mặt sau bao gồm: camera chính lên đến 200 MP, camera góc siêu rộng 12 MP, hai camera tele 10 MP, hỗ trợ thu phóng quang học Space Zoom 100X lên tới 100x - đây đều là những con số biết nói đó!</p><div class=\"imgwrap\"></div><div class=\"captionnews\">Ảnh chụp bằng camera góc rộng trong điều kiện ánh sáng bình thường.</div><p>Bên cạnh nâng cấp độ phân giải, Samsung sẽ đưa vào điện thoại này những tính năng camera mới như quay video phơi sáng hyperlapse giúp mang đến trải nghiệm quay, chụp được chuyên nghiệp, hứa hẹn sẽ mang tới trải nghiệm rất đáng cực kì đáng đó!</p><ul></ul>        <div class=\"infoprod item2020 new2021\">\r\n            \r\n    <div class=\"image image-v2\">\r\n        <a href=\"/dtdd/samsung-galaxy-s23-ultra\">\r\n            <img data-proid=\"249948\" class=\" lazyloaded\" src=\"https://cdn.tgdd.vn/Products/Images/42/249948/samsung-galaxy-s23-ultra-thumb-xanh-600x600.jpg\" title=\"Samsung Galaxy S23 Ultra 5G 256GB\">\r\n        </a>\r\n    </div>\r\n    <div class=\"infor\">\r\n        <a href=\"/dtdd/samsung-galaxy-s23-ultra\" data-s=\"TwoPrice\" data-site=\"1\" data-pro=\"3\" data-cache=\"True\">\r\n            \r\n        </a>\r\n\r\n\r\n                <div class=\"price\">\r\n                    <strong>25.990.000₫</strong><br>\r\n                    <span class=\"priceline\">\r\n                        31.990.000₫\r\n                            <i class=\"percent\">-18%</i>\r\n                    </span>\r\n\r\n                </div>\r\n\r\n\r\n                <div class=\"item-rating\">\r\n            <p>\r\n                        <i class=\"icon-star\"></i>\r\n                        <i class=\"icon-star\"></i>\r\n                        <i class=\"icon-star\"></i>\r\n                        <i class=\"icon-star\"></i>\r\n                                <i class=\"icon-star-half\"></i>\r\n            </p>\r\n            \r\n        </div>\r\n\r\n\r\n    <div class=\"features\">\r\n        <p class=\"feature-title\">Xem đặc điểm nổi bật</p>\r\n        <span class=\"hide\">\r\n            <ul class=\"tooltip toottip-serach\">\r\n                    <li>Chip Snapdragon 8 Gen 2 for Galaxy</li>\r\n                    <li>RAM: 8 GB</li>\r\n                    <li>Dung lượng: 256 GB</li>\r\n                    <li>Camera sau: Chính 200 MP &amp; Phụ 12 MP, 10 MP, 10 MP</li>\r\n                    <li>Camera trước: 12 MP</li>\r\n                    <li>Pin 5000 mAh,  Sạc 45 W</li>\r\n            </ul>\r\n        </span>\r\n    </div>\r\n        \r\n    </div>\r\n\r\n        </div>\r\n<h3><strong>2. Điện thoại iPhone 14 Pro Max</strong></h3><div class=\"captionnews\">Đánh giá iPhone 14 Pro Max thực hiện bởi kênh Youtube Thế Giới Di Động.</div><p style=\"text-align: justify;\">Nhắc đến điện thoại chụp ảnh đẹp 2023 thì không thể bỏ qua&nbsp; sở hữu bộ 3 camera với cảm biến chính nâng cấp lên đến 48 MP so với thế hệ tiền nhiệm, cùng 2 camera telephoto và camera góc siêu rộng mang lại khả năng chụp ảnh đa chế độ.</p><div class=\"imgwrap\" style=\"text-align: justify;\"></div><p style=\"text-align: justify;\">Về chất lượng hình ảnh tổng thể, ảnh trên iPhone 14 Pro Max là một bước tiến lớn so với ảnh chụp trên các thiết bị đầu bảng hiện nay. Chiếc điện thoại cũng có khả năng chụp ảnh chân dung ấn tượng và đặc biệt tỏa sáng khi chụp những bức ảnh trong môi trường phức tạp.</p><div class=\"captionnews\" style=\"text-align: justify;\" >Ở điều kiện thường chất lượng hình ảnh camera iPhone 14 Pro Max mang lại là không có gì để chê cả.</div><p style=\"text-align: justify;\"><a href=\"http://www.thegioididong.com/apple\" target=\"_blank\" title=\"Apple\" type=\"Apple\">Apple</a> không chỉ có nâng cấp về phần cứng camera mà còn cải tiến về phần mềm nữa. Cụ thể thì bạn có thể chụp ảnh macro với ống kính góc siêu rộng, khi đó iPhone 14 Pro Max sẽ tận dụng camera siêu rộng để chụp ảnh macro ở cự ly 2 cm.</p><p style=\"text-align: justify;\">Ngoài ra, chiếc flagship mới nhất này còn được tích hợp thêm nhiều tính năng chụp ảnh mới rất thú vị. Đơn cử như Photographic Styles (phong cách chụp ảnh) cho phép bạn cá nhân hoá máy ảnh iPhone bằng cách chỉnh tông màu sắc riêng theo sở thích của bạn.</p><ul><li></li></ul>        <div class=\"infoprod item2020 new2021\">\r\n            \r\n    <div class=\"image image-v2\">\r\n        <a href=\"/dtdd/iphone-14-pro-max\">\r\n            <img data-proid=\"251192\" class=\" lazyloaded\" src=\"https://cdn.tgdd.vn/Products/Images/42/251192/iphone-14-pro-max-tim-thumb-600x600.jpg\" title=\"iPhone 14 Pro Max 128GB\">\r\n        </a>\r\n    </div>\r\n    <div class=\"infor\">\r\n        <a href=\"/dtdd/iphone-14-pro-max\" data-s=\"Nomal\" data-site=\"1\" data-pro=\"3\" data-cache=\"True\">\r\n            \r\n        </a>\r\n\r\n\r\n                <div class=\"price\">\r\n                    <strong>26.490.000₫</strong><br>\r\n                    <span class=\"priceline\">\r\n                        29.990.000₫\r\n                            <i class=\"percent\">-11%</i>\r\n                    </span>\r\n\r\n                </div>\r\n\r\n\r\n                <div class=\"item-rating\">\r\n            <p>\r\n                        <i class=\"icon-star\"></i>\r\n                        <i class=\"icon-star\"></i>\r\n                        <i class=\"icon-star\"></i>\r\n                        <i class=\"icon-star\"></i>\r\n                                <i class=\"icon-star-half\"></i>\r\n            </p>\r\n            \r\n        </div>\r\n\r\n\r\n    <div class=\"features\">\r\n        <p class=\"feature-title\">Xem đặc điểm nổi bật</p>\r\n        <span class=\"hide\">\r\n            <ul class=\"tooltip toottip-serach\">\r\n                    <li>Chip Apple A16 Bionic</li>\r\n                    <li>RAM: 6 GB</li>\r\n                    <li>Dung lượng: 128 GB</li>\r\n                    <li>Camera sau: Chính 48 MP &amp; Phụ 12 MP, 12 MP</li>\r\n                    <li>Camera trước: 12 MP</li>\r\n                    <li>Pin 4323 mAh,  Sạc 20 W</li>\r\n            </ul>\r\n        </span>\r\n    </div>\r\n        \r\n    </div>\r\n\r\n        </div>\r\n<h3><strong>3. Điện thoại Samsung Galaxy S23/S23 Plus 5G</strong></h3><div class=\"captionnews\">Video trên tay Galaxy S23 series do Thế Giới Di Động thực hiện.</div><div class=\"imgwrap\"><img alt=\"Samsung Galaxy S23 5G và S23+ có gì HOT?\" title=\"Samsung Galaxy S23 5G và S23+ có gì HOT?\" data-original=\"https://cdn.tgdd.vn/Files/2023/02/01/1506418/sosanhs23s23plus-8-org-800-resize.jpg\" class=\" lazyloaded\" src=\"https://cdn.tgdd.vn/Files/2023/02/01/1506418/sosanhs23s23plus-8-org-800-resize.jpg\"></div><div class=\"captionnews\">Samsung Galaxy S23 5G và S23+ có gì HOT<i>?</i></div><p style=\"text-align: justify;\">Dù không được nâng cập lên độ phân giải cao hơn, nhưng quả thật 2 mẫu S23 và S23 Plus vẫn là mang đến trải nghiệm chụp thực sự chất lượng đó!</p><p style=\"text-align: justify;\">Cụm camera này sở hữu các tính năng phổ biến nhất phục vụ cho việc nhiếp ảnh hiện nay như chụp chân dung, AI làm đẹp, xoá phông,…sẽ là người bạn đồng hành đáng tin cậy của người dùng khi chụp ảnh.</p>        <div class=\"infoprod item2020 new2021\">\r\n            \r\n    <div class=\"image image-v2\">\r\n        <a href=\"/dtdd/samsung-galaxy-s23-5g\">\r\n                \r\n            <img data-proid=\"264060\" class=\" lazyloaded\" src=\"https://cdn.tgdd.vn/Products/Images/42/264060/samsung-galaxy-s23-600x600.jpg\" title=\"Samsung Galaxy S23 5G 128GB\">\r\n                <img src=\"https://cdn.tgdd.vn/2023/05/campaign/Label-1-200x200.png\" width=\"40\" height=\"40\" id=\"iconlabel\" class=\"iconlabel lazyload lbliconimg lbliconimg_42 tgdd\">\r\n        </a>\r\n    </div>\r\n    <div class=\"infor\">\r\n        <a href=\"/dtdd/samsung-galaxy-s23-5g\" data-s=\"Nomal\" data-site=\"1\" data-pro=\"3\" data-cache=\"True\">\r\n            \r\n        </a>\r\n\r\n\r\n                <div class=\"price\">\r\n                    <strong>19.990.000₫</strong><br>\r\n                    <span class=\"priceline\">\r\n                        22.990.000₫\r\n                            <i class=\"percent\">-13%</i>\r\n                    </span>\r\n\r\n                </div>\r\n\r\n\r\n                <div class=\"item-rating\">\r\n            <p>\r\n                        <i class=\"icon-star\"></i>\r\n                        <i class=\"icon-star\"></i>\r\n                        <i class=\"icon-star\"></i>\r\n                        <i class=\"icon-star\"></i>\r\n                                <i class=\"icon-star-dark\"></i>\r\n            </p>\r\n            \r\n        </div>\r\n\r\n\r\n    <div class=\"features\">\r\n        <p class=\"feature-title\">Xem đặc điểm nổi bật</p>\r\n        <span class=\"hide\">\r\n            <ul class=\"tooltip toottip-serach\">\r\n                    <li>Chip Snapdragon 8 Gen 2 for Galaxy</li>\r\n                    <li>RAM: 8 GB</li>\r\n                    <li>Dung lượng: 128 GB</li>\r\n                    <li>Camera sau: Chính 50 MP &amp; Phụ 12 MP, 10 MP</li>\r\n                    <li>Camera trước: 12 MP</li>\r\n                    <li>Pin 3900 mAh,  Sạc 25 W</li>\r\n            </ul>\r\n        </span>\r\n    </div>\r\n        \r\n    </div>\r\n\r\n        </div>\r\n        \r\n        \r\n        \r\n        \r\n        \r\n\r\n    \r\n\r\n\r\n        \r\n    \r\n\r\n    \r\n\r\n    \r\n\r\n</article></body></html>'),
(5, 'iPhone 13 lộ concept màu hồng đẹp mê đầy nữ tính', '2023-08-21 12:18:15', 'images/tin5.jpg', 'Mới đây, giới mộ đang rần rần với loạt hình ảnh iPhone 13 và 13 Pro Max có thêm màu hồng (Rose Pink). Gam màu bánh bèo, tông màu nhẹ nhàng này có thể sẽ ra mắt vào mùa Thu năm nay, và được dự đoán sẽ ‘cháy hàng’ ngay khi mở bán.\r\n\r\n\r\n', 'Nhiều tuỳ chọn màu sắc hơn\r\nTheo trang 6park News, Apple sẽ ra mắt thêm màu Rose Pink cho mẫu iPhone sẽ ra mắt cuối năm nay. \r\n<br>\r\n<br>\r\n<br>\r\n<br>\r\n<br>\r\n<br>\r\n<br>'),
(6, 'Xu hướng điện thoại màn hình gập sẽ bùng nổ trong năm 2023?', '2023-08-21 12:21:13', 'images/tin6.jpg', 'Xuất hiện lần đầu vào những năm 2018, 2019, đến nay điện thoại màn hình gập đã chứng minh được sức hút cũng như hiệu quả trong những tác vụ hằng ngày của người dùng. Tuy nhiên, lượng người dùng điện thoại gập so với điện thoại truyền thống vẫn còn chiếm tỷ lệ rất thấp. Vậy thì câu hỏi đặt ra là: 2023 liệu sẽ là năm bùng nổ của điện thoại gập? Hoặc, liệu điện thoại màn hình gập đã sẵn sàng để thay thế những chiếc điện thoại dạng thanh thông thường hay chưa?', 'Xuất hiện lần đầu vào những năm 2018, 2019, đến nay điện thoại màn hình gập đã chứng minh được sức hút cũng như hiệu quả trong những tác vụ hằng ngày của người dùng. Tuy nhiên, lượng người dùng điện thoại gập so với điện thoại truyền thống vẫn còn chiếm tỷ lệ rất thấp. Vậy thì câu hỏi đặt ra là: 2023 liệu sẽ là năm bùng nổ của điện thoại gập? Hoặc, liệu điện thoại màn hình gập đã sẵn sàng để thay thế những chiếc điện thoại dạng thanh thông thường hay chưa?\r\n<br>\r\n<br>\r\n<br>\r\n<br>\r\n<br>\r\n<br>'),
(7, 'iPhone 13 Pro Max vẫn không đủ giúp Apple giành vị trí dẫn đầu', '2023-08-21 12:21:13', 'images/tin7.jpg', 'Theo thống kê mới nhất về thị phần smartphone cầu cho thấy Apple là nhà sản xuất lớn thứ 2 nhờ thành công từ iPhone 13 Pro và iPhone 13 Pro Max.\r\n<br>\r\nTheo dữ liệu được công bố mới đây, Apple là nhà sản xuất smartphone lớn thứ 2 trên toàn cầu trong quý 1 năm 2022, chiếm 18% thị phần smartphone toàn cầu, tương ứng khoảng 56 triệu chiếc iPhone được bán ra. Báo cáo cho thấy gã khổng lồ Cupertino đã tăng 2.2% so với cùng kỳ năm ngoái, táo khuyết cũng là OEM duy nhất tăng trưởng tích cực khi thị trường điện thoại thông minh toàn cầu giảm 8.9%.', 'Theo thống kê mới nhất về thị phần smartphone cầu cho thấy Apple là nhà sản xuất lớn thứ 2 nhờ thành công từ iPhone 13 Pro và iPhone 13 Pro Max.\r\n<br>\r\n<br>\r\n<br>\r\n<br>\r\n<br>\r\n<br>'),
(8, 'iPhone màn hình gập ra mắt năm 2023, giá hơn 13 triệu đồng', '2023-08-21 12:34:57', 'images/tin8.jpg', 'Sau iPhone 12, người dùng đang vô cùng mong chờ vào một chiếc smartphone có thiết kế đột phá hơn đến từ thương hiệu công nghệ đình đám - Apple.\r\n<br>\r\nRất nhiều tin đồn cho biết iPhone đang phát triển một chiếc điện thoại thông minh màn hình gập, điều mà các đối thủ chạy nền tảng Android đã làm từ lâu, song có tin cho biết phải đến năm 2023, Apple mới ra mắt sản phẩm này.', 'Rất nhiều tin đồn cho biết iPhone đang phát triển một chiếc điện thoại thông minh màn hình gập, điều mà các đối thủ chạy nền tảng Android đã làm từ lâu, song có tin cho biết phải đến năm 2023, Apple mới ra mắt sản phẩm này.\r\n<br>\r\n<br>\r\n<br>\r\n<br>\r\n<br>\r\n'),
(9, 'Hình ảnh Galaxy Z Fold5 lộ diện trước sự kiện Galaxy Unpacked 2023', '2023-08-21 12:34:57', 'images/tin9.jpg', 'Bộ đôi Galaxy Z Fold5 sẽ ra mắt cùng với Galaxy Z Flip5 trong sự kiện Unpacked 2023, với những thông tin mới về dòng điện thoại này.\r\n<br>\r\nGalaxy Z Flip5 đã được Samsung nhá hàng thông qua đoạn giới thiệu mới nhất của mình. Tuy nhiên, về phần chiếc Galaxy Z Fold5 vẫn chưa được công ty tiết lộ. Trong nguồn tin của WinFuture, hình ảnh rò rỉ của Galaxy Z Fold5 cho thấy thiết bị này sẽ không có gì khác biệt so với người tiền nhiệm. Sự thay đổi rõ ràng nhất trong thiết kế chính là kích thước của cụm 3 camera và vị trí đèn flash LED. Về màu sắc, Galaxy Z Fold5 sẽ được ra mắt với màu be, đen, xanh lá và tím. ', 'Bộ đôi Galaxy Z Fold5 sẽ ra mắt cùng với Galaxy Z Flip5 trong sự kiện Unpacked 2023, với những thông tin mới về dòng điện thoại này.\r\n<br>\r\n<br>\r\n<br>\r\n<br>\r\n<br>\r\n<br>\r\n');

--
-- Indexes for dumped tables
--

--
-- Indexes for table `tbl_admin`
--
ALTER TABLE `tbl_admin`
  ADD PRIMARY KEY (`nguoi_dung_id`);

--
-- Indexes for table `tbl_danh_muc`
--
ALTER TABLE `tbl_danh_muc`
  ADD PRIMARY KEY (`danh_muc_id`);

--
-- Indexes for table `tbl_dat_hang`
--
ALTER TABLE `tbl_dat_hang`
  ADD PRIMARY KEY (`don_hang_id`),
  ADD KEY `san_pham_id` (`san_pham_id`);

--
-- Indexes for table `tbl_feedback`
--
ALTER TABLE `tbl_feedback`
  ADD PRIMARY KEY (`feedback_id`);

--
-- Indexes for table `tbl_khachhang`
--
ALTER TABLE `tbl_khachhang`
  ADD PRIMARY KEY (`makhach`);

--
-- Indexes for table `tbl_kieu_san_pham`
--
ALTER TABLE `tbl_kieu_san_pham`
  ADD PRIMARY KEY (`kieu_san_pham_id`);

--
-- Indexes for table `tbl_lien_he`
--
ALTER TABLE `tbl_lien_he`
  ADD PRIMARY KEY (`lien_he_id`);

--
-- Indexes for table `tbl_order`
--
ALTER TABLE `tbl_order`
  ADD PRIMARY KEY (`sohoadon`),
  ADD KEY `fK_makhach` (`makhach`);

--
-- Indexes for table `tbl_orderdetail`
--
ALTER TABLE `tbl_orderdetail`
  ADD PRIMARY KEY (`sohoadon`,`san_pham_id`);

--
-- Indexes for table `tbl_sp`
--
ALTER TABLE `tbl_sp`
  ADD PRIMARY KEY (`san_pham_id`),
  ADD KEY `danh_muc_id` (`danh_muc_id`),
  ADD KEY `kieu_san_pham_id` (`kieu_san_pham_id`);

--
-- Indexes for table `tbl_su_kien`
--
ALTER TABLE `tbl_su_kien`
  ADD PRIMARY KEY (`su_kien_id`);

--
-- Indexes for table `tbl_tin_tuc`
--
ALTER TABLE `tbl_tin_tuc`
  ADD PRIMARY KEY (`tin_tuc_id`);

--
-- AUTO_INCREMENT for dumped tables
--

--
-- AUTO_INCREMENT for table `tbl_admin`
--
ALTER TABLE `tbl_admin`
  MODIFY `nguoi_dung_id` int(100) NOT NULL AUTO_INCREMENT, AUTO_INCREMENT=3;

--
-- AUTO_INCREMENT for table `tbl_danh_muc`
--
ALTER TABLE `tbl_danh_muc`
  MODIFY `danh_muc_id` int(100) NOT NULL AUTO_INCREMENT, AUTO_INCREMENT=13;

--
-- AUTO_INCREMENT for table `tbl_dat_hang`
--
ALTER TABLE `tbl_dat_hang`
  MODIFY `don_hang_id` int(100) NOT NULL AUTO_INCREMENT;

--
-- AUTO_INCREMENT for table `tbl_kieu_san_pham`
--
ALTER TABLE `tbl_kieu_san_pham`
  MODIFY `kieu_san_pham_id` int(100) NOT NULL AUTO_INCREMENT, AUTO_INCREMENT=5;

--
-- AUTO_INCREMENT for table `tbl_lien_he`
--
ALTER TABLE `tbl_lien_he`
  MODIFY `lien_he_id` int(100) NOT NULL AUTO_INCREMENT, AUTO_INCREMENT=5;

--
-- AUTO_INCREMENT for table `tbl_order`
--
ALTER TABLE `tbl_order`
  MODIFY `sohoadon` int(11) NOT NULL AUTO_INCREMENT, AUTO_INCREMENT=63;

--
-- AUTO_INCREMENT for table `tbl_sp`
--
ALTER TABLE `tbl_sp`
  MODIFY `san_pham_id` int(100) NOT NULL AUTO_INCREMENT, AUTO_INCREMENT=69;

--
-- AUTO_INCREMENT for table `tbl_su_kien`
--
ALTER TABLE `tbl_su_kien`
  MODIFY `su_kien_id` int(11) NOT NULL AUTO_INCREMENT, AUTO_INCREMENT=21;

--
-- AUTO_INCREMENT for table `tbl_tin_tuc`
--
ALTER TABLE `tbl_tin_tuc`
  MODIFY `tin_tuc_id` int(100) NOT NULL AUTO_INCREMENT, AUTO_INCREMENT=10;

--
-- Constraints for dumped tables
--

--
-- Constraints for table `tbl_order`
--
ALTER TABLE `tbl_order`
  ADD CONSTRAINT `fK_makhach` FOREIGN KEY (`makhach`) REFERENCES `tbl_khachhang` (`makhach`);
COMMIT;

/*!40101 SET CHARACTER_SET_CLIENT=@OLD_CHARACTER_SET_CLIENT */;
/*!40101 SET CHARACTER_SET_RESULTS=@OLD_CHARACTER_SET_RESULTS */;
/*!40101 SET COLLATION_CONNECTION=@OLD_COLLATION_CONNECTION */;
